:020000040800F2
:1000000058890224AD02000873300008112C000842
:100010007130000885060008E93D00080000000076
:10002000000000000000000000000000ED340008A7
:10003000010700080000000075300008EF340008D8
:10004000C7020008C7020008C7020008C70200086C
:10005000C7020008C7020008C7020008C70200085C
:10006000C7020008C7020008C7020008C70200084C
:10007000C7020008C7020008C7020008C70200083C
:10008000C7020008C7020008C7020008C70200082C
:10009000C7020008C7020008C7020008C70200081C
:1000A000C7020008C7020008C7020008C70200080C
:1000B000C7020008C7020008C7020008C7020008FC
:1000C000C7020008C7020008C7020008C7020008EC
:1000D000C7020008C7020008C7020008C7020008DC
:1000E000C7020008C702000800000000C70200089D
:1000F000C7020008C7020008C7020008C7020008BC
:10010000C7020008C7020008C7020008C7020008AB
:10011000C7020008C7020008C7020008C70200089B
:10012000C7020008C7020008C7020008C70200088B
:10013000C7020008C7020008C7020008C70200087B
:1001400000000000000000000000000000000000AF
:10015000C7020008C7020008C7020008C70200085B
:10016000C7020008C7020008C7020008C70200084B
:10017000C7020008C7020008C7020008000000000C
:10018000C7020008C7020008C7020008C70200082B
:10019000C7020008C7020008C7020008C70200081B
:1001A000C7020008C7020008C7020008C70200080B
:1001B000A1320008C7020008C7020008C7020008F1
:1001C000C7020008C7020008C7020008C7020008EB
:1001D000C7020008C7020008C7020008C7020008DB
:1001E000C7020008C7020008C7020008C7020008CB
:1001F000C7020008C7020008C7020008C7020008BB
:10020000C7020008C7020008C7020008C7020008AA
:10021000C7020008C7020008C7020008C70200089A
:10022000C7020008C7020008C7020008000000005B
:10023000C7020008C702000800000000C70200084B
:10024000C7020008C7020008C7020008C70200086A
:10025000C7020008C7020008C7020008C70200085A
:10026000C7020008C7020008C7020008C70200084A
:10027000C7020008C7020008C7020008000000000B
:10028000C7020008C7020008C702000800000000FB
:1002900000000000C7020008DFF80CD000F08CF866
:1002A00000480047894100085889022406488047D1
:1002B00006480047FEE7FEE7FEE7FEE7FEE7FEE74B
:1002C000FEE7FEE7FEE7FEE7D135000899020008E9
:1002D0002DE9F05F0546002092469B46884606467B
:1002E000814640241BE0284641464746224600F00E
:1002F00053F853465A46C01A914110D31146184636
:10030000224600F03AF82D1A67EB01084F462246C4
:100310000120002100F031F817EB00094E41201EAA
:10032000A4F10104DFDC484631462A464346BDE8D5
:10033000F09F40EA01039B0703D009E008C9121FA0
:1003400008C0042AFAD203E011F8013B00F8013B8F
:10035000521EF9D27047D2B201E000F8012B491EBB
:10036000FBD270470022F6E710B513460A46044652
:100370001946FFF7F0FF204610BD202A04DB203A83
:1003800000FA02F1002070479140C2F1200320FAE8
:1003900003F3194390407047202A04DB203A21FAE6
:1003A00002F00021704721FA02F3D040C2F120028E
:1003B0009140084319467047064C074D06E0E06837
:1003C00040F0010394E8070098471034AC42F6D39C
:1003D000FFF766FF0CB600082CB600087CB5154682
:1003E0001C46020A8DF800200B0A8DF80100042239
:1003F0008DF802302A208DF80310694603F0EEFED6
:10040000280A8DF804008DF80550210A8DF8061091
:1004100004222B208DF8074001A903F0DFFE7CBDEC
:1004200070B50022044640F2BF1340F26F1110462F
:10043000FFF7D4FF0C4800214FF42135C4F3072205
:10044000E3B244184254891CA9426370F9DB06499F
:100450002C202A4603F0F2FE2A460349BDE87040EC
:100460003C2003F0EBBE0000540100242DE9F843CA
:1004700015461C460F46064600204FF0010902EBC8
:10048000D57804E018B9CAB2802A05D901202178AC
:100490000029F7D1BDE8F8834FF4B871A1EB6800EB
:1004A000B04201DA00262F44C5F5E070B842F1DB16
:1004B0000D2A0ED02B4639463046CDF8009000F07C
:1004C00067F800BF14F8011F06EB68060029DAD1AF
:1004D000E0E70026641C2F44F4E7000010B5B0F5F7
:1004E000B87F144601DB40F26F10B1F5E07F01DB0D
:1004F00040F2BF110B4601461A46FFF76FFF08484E
:10050000210A02220170014644702C2003F096FE5D
:1005100002220349BDE810403C2003F08FBE0000DA
:100520005401002470B5194C0D46491E0646401E64
:100530002260FFF7D3FF2268701E2946FFF7CEFF27
:100540002268691E3046FFF7C9FF226829463046F7
:10055000FFF7C4FF2268691E701CFFF7BFFF226807
:10056000691C701EFFF7BAFF2268701C2946FFF74E
:10057000B5FF2268691C3046FFF7B0FF691C22688E
:10058000701CBDE87040FFF7A9BF000018000024F0
:100590002DE9FF5F58071C460F468A4601D001210E
:1005A00000E000214FF4DF7BE31704EBD47504EB8C
:1005B000537001EBE0006910203A029200FB01F950
:1005C00000254CE00C2C15D0102C18D0182C18D06D
:1005D000202C1DD0302C20D03C2C42D12249029816
:1005E00001EB00104FF00008465D30061AD51F4899
:1005F00042681BE002981E4900EB400005E01D49DF
:10060000EDE702981C4900EBC00001EB8000E9E730
:1006100002981A4901EB8010E4E70298184900EBB0
:10062000C000DDE70E9828B9104882683946009866
:10063000FFF754FF76007F1C5F4512DCA7EB0A0032
:10064000A04206D100985746401C0090584508DC4F
:1006500004E008F10108B8F1080FC6DB6D1C4D4538
:10066000B0DBBDE8FF9F000090A800081400002444
:10067000A043000814480008044E0008605B00080E
:1006800020730008FEE700006FF07F4010B5FFF711
:10069000C7FE0F4C4FF47F003022B0210DA3206025
:1006A0006420FFF7E3FE4FF47F40206030220A21F0
:1006B00086200BA3FFF7DAFEFF2020601822BDE89A
:1006C0001040322008A34FF4D271FFF7CFBE0000D4
:1006D0001800002443545020544553540000000097
:1006E00052455345540000005072657373204B32DD
:1006F00020746F206E65787420706167650000005B
:10070000704772B6FEE700003EB502F0ABFA2F4C20
:1007100001220421204600F07EFA012000F04EF96B
:1007200000222046042100F076FA142000F046F959
:1007300001222046042100F06EFA322000F03EF93A
:100740009DF800109DF8010000EB012120A003F0AE
:100750004DFB00246946012220468DF8004000F040
:1007600009F901226946A4208DF8004000F002F941
:100770001620694601228DF80000802000F0FAF86A
:100780000C20694601228DF80000882000F0F2F864
:1007900002226946A32000F03DF89DF800109DF864
:1007A000010000EB01210FA003F020FB9DF80000E9
:1007B000302808D19DF80100032804D10FA043F28E
:1007C000030103F013FB00203EBD000000080258A7
:1007D0004654335836385F496E697469616C2E2E01
:1007E0002E0D0A004654335836382076656E646FF5
:1007F000722049443A307825780D0A0043686970C0
:100800002076656E646F722049443A307825780D01
:100810000A0000002DE9F04115460F46044602F09B
:10082000B7FA702002F080FA02F0F4FAE0B202F0B7
:100830007BFA02F0EFFA02F0ABFA712002F074FAE0
:1008400002F0E8FA6E1E002409E0B44201D0012053
:1008500000E0002002F036FA611C3855CCB2AC4200
:10086000F3D3BDE8F04102F0B7BA00002DE9F1473B
:100870003D4E00244FF00A0ADFF8F09081B0A04608
:100880003078401CC0B23070B0FBFAF20AFB1201A3
:1008900009B10A284CD20122022001A9FFF7BAFFB0
:1008A0009DF80400010743D000F00F0106293FD254
:1008B000FF204D4600274FF001088840C04340F01C
:1008C000C00089F8340000BF95F8341008FA04F02D
:1008D000014220D026480422694650F82400FFF740
:1008E00099FF9DF8000008229DF8011000F00F0309
:1008F000B2EB101F05EB840001EB0321C1609DF8F2
:1009000002209DF8031002F00F0201EB02210162A8
:1009100001D00762C760641CE4B2052CD4D3E86838
:100920004FF0010818B9286A08B98DF804703770BB
:100930009DF80400C0060FD199F8341048460A0605
:1009400002D521F0800105E04FF6FF72C26001F090
:10095000E001026289F834103078F02801D986F875
:1009600000A04046BDE8FC87680000242000002469
:10097000F8B500082DE9F041002516460F4604465B
:1009800002F006FA702002F0CFF902F043FAE0B26A
:1009900002F0CAF902F03EFA002408E0385D02F0E5
:1009A000C3F902F037FA050003D1641CE4B2B44283
:1009B000F4D302F011FA2846BDE8F08170B5044680
:1009C00000F034F90546601C02D004480078044465
:1009D00000F02CF9401BA042FAD370BD00000024A7
:1009E0002DE9F84F03247D4D00234FF001094FF00E
:1009F000B04B4FF00F0AE9E009FA03F73A4076D01E
:100A00000E7906F00306012E01D0022E18D1D0F87F
:100A100008C04FEA430ECE6804FA0EF82CEA080C20
:100A200006FA0EF646EA0C068660D0F804C00E7987
:100A30002CEA070CC6F300169E4046EA0C064660F8
:100A40000E79F643B6070BD0C6684FEA43088F68A5
:100A500004FA08FC26EA0C0607FA08F73743C760D1
:100A60000E7906F00306022E12D1DE080F694FEA56
:100A7000437C00EB8606B646366A4FEADC6C0AFA1F
:100A80000CF807FA0CF726EA08063743CEF8207070
:100A90000F7906684FEA430807F0030704FA08FCD9
:100AA00007FA08F726EA0C06374307604E6816F483
:100AB000403F1CD04A4E376847F00207376036681F
:100AC0009F0706F00206009623F0030606F1B046E3
:100AD000B6463F0FD6F80864DFF808810AFA07FC2B
:100AE000404526EA0C0603D14FF0000C41E06CE0D3
:100AF000DFF8F4C0604502D14FF0010C39E0DFF8B7
:100B0000ECC0604502D14FF0020C32E0DFF8E0C0EB
:100B1000604502D14FF0030C2BE0DFF8D8C06045F0
:100B200002D14FF0040C24E0DFF8CCC0604502D1C4
:100B30004FF0050C1DE0DFF8C4C0604502D14FF056
:100B4000060C16E0DFF8B8C0604502D14FF0070C84
:100B50000FE0DFF8B0C0604502D14FF0080C08E0AC
:100B6000DFF8A4C0604502D14FF0090C01E04FF05E
:100B70000A0C0CFA07FC4CEA060CCEF808C44F68C5
:100B8000DBF80060FF0226EA020600D516435F4646
:100B9000CBF80060D1F804C0DBF804605FEA8C2C6D
:100BA00026EA020600D516437E606E684F6826EA84
:100BB0000206BF0300D516436E602E684F6826EA12
:100BC0000206FF0300D516432E605B1C0A6832FA4A
:100BD00003F67FF411AFBDE8F88F000080000058E5
:100BE000F444025800000258000402580008025859
:100BF000000C025800100258001402580018025845
:100C0000001C0258002002580024025800690840C5
:100C100000D0012070470AB1816170470904FBE7E9
:100C200001480068000C70470010005C01488068B3
:100C30007047000000000024074908B50A6842F028
:100C400002020A60096801F00201009103490A6882
:100C500002430A6008BD0000F4440258040400582E
:100C600002488168027811448160704700000024C6
:100C7000032010B500F09AF801F00EFB0F4A10495E
:100C800014681368C4F3032203F00F038A5CC95C81
:100C900002F01F0201F01F01D0400A4A20FA01F1C0
:100CA0001160094908600F2000F010F808B1012018
:100CB00010BD00F03FF8002010BD0000184402589D
:100CC00090430008100000240C00002470B50D4D66
:100CD00004462878A0B14FF47A71B1FBF0F00A49CC
:100CE0000968B1FBF0F001F040FE48B9102C07D2C2
:100CF00000222146501E00F039F800206C6070BDC3
:100D0000012070BD000000240C00002428B190F8E0
:100D10003D10022903D08021816601207047042103
:100D200080F83D100068C16821F00101C160002019
:100D300070470000054808B5016841F002010160F4
:100D4000006800F00200009008BD0000F444025862
:100D5000002809DB410900F01F028900012001F190
:100D6000E0219040C1F80001704700000E4BF0B444
:100D70001B680D46C3F30223C3F10706042E00D9F6
:100D80000426191D072901D2002300E0DB1E0124DF
:100D900004FA06F19C40491E2940641E9940144003
:100DA0002143F0BC03F032B80CED00E0064900F03E
:100DB000070210B54FF6FF040868044B204040EAD4
:100DC00002201843086010BD0CED00E00000FA0599
:100DD000134970B50A68D243520705D5096801F076
:100DE0000701814213D118E00A6822F0070202438A
:100DF0000A60FFF71BFF0A4D4FF47A760446083D60
:100E000007E000BFFFF712FF001BB04201D901202D
:100E100070BD2868C0438004F4D4002070BD000079
:100E20000C4802587047000002480178491C0170C4
:100E300070470000140000242DE9F84F17468B4638
:100E40000446FFF7F3FE824694F8400001280ED0D6
:100E500001264FF0000884F8406094F84100012812
:100E600007D0022584F840802846BDE8F88F02208C
:100E7000FBE74FF00209C4F8448084F84190002257
:100E8000202153462046009702F0E6F90500E9D1FB
:100E900000225946204602F0EEF8DBF8240058B94B
:100EA0000122534602212046009702F0D5F90500A1
:100EB000D8D12168C1F80C9084F84160D2E770471E
:100EC0007047000070B504460068826801685307E7
:100ED00034D54B0332D594F84110203012290FD06D
:100EE00094F8411022291BD01EE0E16A01B3616A27
:100EF00009780170616A491C6162E16A491EE16218
:100F0000216889684907F0D40EE0A16B81B10178AE
:100F1000226B1170216B491C2163A16B491EA163D7
:100F2000216889684907F0D42046FFF7C9FF70BDE2
:100F30002068016821F480210160F5E793074FF0F4
:100F400001056CD58B036AD50221C1602068016858
:100F500021F4E021016094F84100122815D094F8A2
:100F60004100222825D094F84100022849D094F865
:100F700041000828DBD12068416921F040614161CE
:100F800084F84150606CD8B345E020680168490797
:100F900009D5016821F004010160E06B0068C168B7
:100FA00021F00101C16084F84150204600F0CCF9E5
:100FB00070BD2068016849070AD5016821F0040165
:100FC0000160E06B0068C16821F00101C16011E0BF
:100FD00020300AE0A16B69B10178226B1170216B9E
:100FE000491C2163A16B491EA1632168896811F422
:100FF0007C5FEFD184F84150204600F045F970BD88
:1010000005E084F841502046FFF70EFFF7E7204641
:10101000FFF708FFF3E72046FFF751FFEFE713075D
:1010200011D50B030FD50821C16020680168490262
:1010300005D5016821F41021016084F84150204653
:1010400000F023F9DBE7D30722D0CB0320D5C5601E
:101050002068016821F470210160606C40F002009A
:1010600060642068016849070FD5016821F0040118
:101070000160E16B0B488865E06BFFF747FE0028D5
:10108000BDD0606C40F00400606484F84150C2E759
:10109000D206B4D5C902B2D51021C160204600F0F5
:1010A000F5F8ACE71F320008F8B50446FFF7BEFDBF
:1010B00005461CB194F8410010B107E00120F8BDCD
:1010C000204600F047F841F28830A06420686FF0B5
:1010D000FF02A168036802EB012223F4F8511143D7
:1010E0000160A06C002220212B460090204602F0D7
:1010F000B3F80028E3D12268D4E907352679E168FE
:10110000176845EA0665DFF844C01943104B2943C8
:101110000025012607EA0C07394311602268D4E94B
:101120000517B4F810C0D2F804E039430EEA030EF4
:101130004EEA0C431943516021680A6842F00102EB
:101140000A60656484F84160F8BD00002FFFFF006D
:10115000FEF8E0FF2DE9F047B6B00446142130A8B0
:10116000FFF700F9C0216846FFF7FCF84049206806
:1011700088427AD1002013904FF000710446CDE9E7
:101180000010684600F03EFA08B1FFF7BAFA394895
:10119000016841F480410160006800F480403590AE
:1011A00034480C30016841F004010160016801F02D
:1011B00004013591016841F002010160016801F00C
:1011C00002013591016841F010010160016801F0F0
:1011D00010013591016841F00801016000680225A5
:1011E000032600F008003590700232AACDE93005E0
:1011F0000927214882E8D00030A9FFF7F1FB30A889
:101200004FF001084021DFF874A00A2280E8220193
:10121000CDE9336230A95046FFF7E2FB32AA4FF026
:101220000409174830A982E8D000CDE93095FFF7CE
:10123000D7FBCDF8C09030A9CDE93158CDE933675F
:101240005046FFF7CDFB280332AACDE930050D4803
:1012500030A982E8D000FFF7C3FB00225C201146D2
:10126000FFF784FD5C20FFF773FD36B0BDE8F08723
:1012700000500052D444025800080258000402589A
:1012800000100258000C0258704770477047000069
:101290002DE9F84F15460E460446FFF7C7FC94F8B3
:1012A000401082462068012900F120090ED0012754
:1012B0004FF0000884F8407094F84110012907D0DD
:1012C0005FF0020084F84080BDE8F88F0220FBE761
:1012D000C4F8448086B3122184F841100169491C86
:1012E000E1620169491CA1626662416921F04061C5
:1012F00041610EE00421204601F0AEFFC8B9606AEA
:10130000017889F80010606A401C6062E06A401E43
:10131000E062E06A53464FF0010200950028E9D1EF
:101320004FF00201204601F097FF10B92268022118
:10133000D16084F84170C5E7FFE7616C012041F09E
:1013400008016164BEE7000002484178491C417011
:10135000704700001400002410B500F057FF054945
:101360000968054AC1F30211515C01F01F01C84030
:1013700010BD00002044025890430008494930B590
:10138000484C0B1D0A68143409681D68246802F073
:101390000303C5F30012C1F30531C4F3CC040029E3
:1013A00014FB02F200EE102AF8EE400A75D03F4A14
:1013B0009FED3D1AB7EE000A6BB1DFED3D1A012B30
:1013C00001D0022B64D002EE101A1168F8EE422A06
:1013D00081EEA22A21E0334C283C23689B0612D5DB
:1013E000344B246801EE901A1168C4F3C104F8EE7E
:1013F000612AE34001EE903AC1F30801F8EE611A68
:1014000081EEA22A0BE001EE901ADFED2B2A00BF3D
:10141000F8EE611A116882EEA12AC1F3080101EE0B
:10142000901A1168F8EE611A40EE811A71EE800A86
:1014300062EE200AC1F3462101EE101AB8EE411AFD
:1014400031EE001AC0EE811ABCEEE11A80ED001AEE
:101450001168C1F3064101EE101AB8EE411A31EEDF
:10146000001AC0EE811ABCEEE11A80ED011A116873
:10147000C1F3066101EE101AB8EE411A31EE000A0E
:1014800080EE801ABCEEC10A80ED020A30BD04E095
:1014900001EE901ADFED092ABAE7002101604160F0
:1014A0008160F3E7284402580000003938440258AC
:1014B0000024744A0090D0030024744C20BCBE4B1E
:1014C000494930B5484C0B1D0A681C3409681D6831
:1014D000246802F00303C5F30022C1F30551C4F3ED
:1014E000CC04002914FB02F200EE102AF8EE400AA8
:1014F00075D03F4A9FED3D1AB7EE000A6BB1DFEDA4
:101500003D1A012B01D0022B64D002EE101A116893
:10151000F8EE422A81EEA22A21E0334C283C2368CF
:101520009B0612D5344B246801EE901A1168C4F35F
:10153000C104F8EE612AE34001EE903AC1F30801DC
:10154000F8EE611A81EEA22A0BE001EE901ADFEDAF
:101550002B2A00BFF8EE611A116882EEA12AC1F3AE
:10156000080101EE901A1168F8EE611A40EE811A36
:1015700071EE800A62EE200AC1F3462101EE101AD4
:10158000B8EE411A31EE001AC0EE811ABCEEE11A33
:1015900080ED001A1168C1F3064101EE101AB8EE91
:1015A000411A31EE001AC0EE811ABCEEE11A80ED4C
:1015B000011A1168C1F3066101EE101AB8EE411A62
:1015C00031EE000A80EE801ABCEEC10A80ED020AFC
:1015D00030BD04E001EE901ADFED092ABAE70021E0
:1015E000016041608160F3E728440258000000393F
:1015F000404402580024744A0090D0030024744CE4
:1016000020BCBE4B2DE9FE4F0546DFF8E48350F8C1
:10161000081B0024F64FC943019005F12800264617
:1016200008F12408009008011DD4A86E50B1B0F54F
:10163000801F0CD0B0F5001F0ED0B0F5401F1ED09B
:1016400001240FE0386840F40030386017E001985A
:10165000022101F02BFE03E00098022101F0B6FE0A
:1016600004000CD026462888C043C00523D4A86DAA
:1016700005281ED2DFE800F00C11161B1B00AA6E15
:10168000D8F8001021F440111143C8F80010EAE71F
:10169000386840F40030386009E00198002101F01A
:1016A00005FE03E00098002101F090FE044674B1AD
:1016B00000E0012426462888C043800528D4E86D30
:1016C00080281ED00CDC90B140280ED114E0AA6D09
:1016D000D8F8001021F007011143C8F80010EAE71C
:1016E000C02813D0B0F5807F10D001240FE03868F7
:1016F00040F40030386009E00198002101F0D6FD87
:1017000003E00098002101F061FE04469CB12646EA
:101710002888DFF8DC92C04309F12C0940052CD45D
:10172000D5F8A800B0F5800F20D00DDCA0B1B0F541
:10173000001F0FD115E0EA6DD8F8001021F4E07118
:101740001143C8F80010E3E7B0F5C00F13D0B0F5AF
:10175000000F10D001240FE0386840F400303860EA
:1017600009E00198002101F0A1FD03E000980021AB
:1017700001F02CFE04467CB126462888C0430005B3
:101780002DD4D5F8AC00B0F1007F21D00EDCA8B18B
:10179000B0F1807F10D116E0D5F8A820D9F800105C
:1017A00021F460011143C9F80010E6E7B0F1407F71
:1017B00013D0B0F1806F10D001240FE0386840F4EE
:1017C0000030386009E00198002101F06FFD03E06E
:1017D0000098002101F0FAFD044674B126462868FD
:1017E000C04380011FD4E86CD8B110280FD0202846
:1017F00012D0302815D0012414E0D5F8AC20D9F847
:10180000001021F0E0611143C9F80010E7E73868E3
:1018100040F40030386004E00198022101F046FDF8
:10182000044674B126462888C043C0042BD4286ED1
:10183000B0F5005F20D00DDCA0B1B0F5805F0FD116
:1018400015E06B48EA6C2030016821F0300111434B
:101850000160E8E7B0F5405F13D0B0F5804F10D0DD
:1018600001240FE0386840F40030386009E0019846
:10187000002101F01BFD03E00098002101F0A6FD0E
:1018800004468CB126462888C043800429D4686E5B
:10189000B0F5403F23D010DC08B3B0F5803F14D042
:1018A000B0F5003F0FD115E02A6ED8F8001021F4F2
:1018B000E0411143C8F80010E5E7B0F5802F0ED0E5
:1018C000B0F5A02F0BD001240AE00198012101F00E
:1018D000EDFC03E00098012101F078FD044694B18D
:1018E00026462888C04340042AD4D5F8B000B0F179
:1018F000405F23D010DC08B3B0F1805F14D0B0F1AA
:10190000005F0FD115E06A6ED8F8001021F4E021D5
:101910001143C8F80010E4E7B0F1804F0ED0B0F1E9
:10192000A04F0BD001240AE00198012101F0BEFC78
:1019300003E00098012101F049FD044674B12646F8
:101940002888C04300041FD4286FD8B1B0F1805F4D
:101950000ED0B0F1005F10D0012414E0D5F8B02013
:10196000D9F8001021F0E0411143C9F80010E7E771
:10197000386840F40030386004E00198012101F03B
:1019800095FC044674B126462868C043C0011ED4A5
:10199000A86CD0B101280ED0022811D0032814D091
:1019A000012413E02A6FD8F8001021F040511143B0
:1019B000C8F80010E8E7386840F40030386004E008
:1019C0000198022101F072FC0446ACB12646286859
:1019D000DFF81CB0C043ABF11C0B400252D40548E9
:1019E000016841F480710160FFF720F9824611E03F
:1019F0002C44025800480258FA48AA6C016821F0A9
:101A0000030111430160E2E7FFF710F9A0EB0A00C0
:101A1000642835D8F4480068C005F5D58CBBDFF8DC
:101A2000C4A3B5F8B4100AF1240ADAF8000001F4EE
:101A3000407100F44070884211D0DAF80010DAF8F2
:101A4000002021F4407142F48032CAF80020DAF814
:101A5000002022F48032CAF80020CAF80010D5F81D
:101A6000B400B0F5807F1AD1FFF7E0F8029012E0E1
:101A7000FFF7DCF80299411A41F2883081420AD915
:101A8000032426462878DFF85CA3C0430AF1080A3D
:101A9000C00721D03CE0DAF800008007E8D5D5F88F
:101AA000B410C1F30120032858460DD0016821F479
:101AB0007C510160B5F8B420DAF80010C2F30B02D3
:101AC0001143CAF80010DDE7C84A036802EA1112A0
:101AD00023F47C511143ECE7E86F182816D005DC9D
:101AE000A0B1082808D0102804D10AE020280DD081
:101AF00028280BD001240AE00198012101F0D6FB2F
:101B000003E00098012101F061FC044664B126461F
:101B10002878C04380071ED4A86F062819D2DFE8B2
:101B200000F0160C11161616EA6FDAF8001021F004
:101B300038011143CAF80010EAE70198012101F0C9
:101B4000B5FB03E00098012101F040FC04467CB1A4
:101B500000E0012426462878C04340071FD4D5F86A
:101B60009400062819D2DFE800F0160C111616169C
:101B7000AA6FDAF8001021F007011143CAF800102B
:101B8000E9E70198012101F091FB03E000980121B0
:101B900001F01CFC0446A4B100E00124264628788C
:101BA000C04380062BD4D5F89000B0F1405F24D01C
:101BB00011DC10B3B0F1805F15D0B0F1005F10D12F
:101BC00016E0D5F89420D9F8001021F00701114350
:101BD000C9F80010E3E7B0F1804F0ED0B0F1A04F8C
:101BE0000BD001240AE00198002101F05FFB03E023
:101BF0000098022101F0EAFB044694B126462878B9
:101C0000C04340062BD4D5F89C00B0F5406F24D0DB
:101C100011DC10B3B0F5806F15D0B0F5006F10D1A6
:101C200016E0D5F89020DAF8001021F0E0411143D9
:101C3000CAF80010E3E7B0F5805F0ED0B0F5A05F02
:101C40000BD001240AE00198002101F02FFB03E0F2
:101C50000098022101F0BAFB044694B12646287888
:101C6000C04300062BD4D5F8A000B0F5C04F24D057
:101C700011DC10B3B0F5005F15D0B0F5804F10D176
:101C800016E0D5F89C20D9F8001021F4E05111435A
:101C9000C9F80010E3E7B0F5004F0ED0B0F5204FC3
:101CA0000BD001240AE00198002101F0FFFA03E0C3
:101CB0000098022101F08AFB044654B12646287898
:101CC000C04300071ED4D5F88400B0F5805F0AD069
:101CD0000FE0D5F8A020D9F8001021F4604111439D
:101CE000C9F80010EBE70098022101F06FFB00B18A
:101CF0000126D5F88420DAF8001021F44051114370
:101D0000CAF800102878C043C00613D4D5F898004C
:101D1000B0F5807F05D10098022101F057FB00B19A
:101D20000126D5F89820D9F8001021F4407111430C
:101D3000C9F800102868C043000316D4D5F8A400E1
:101D400038B1B0F5803F09D0B0F5003F0BD0012489
:101D50000AE00198002101F0A9FA03E000980221AD
:101D600001F034FB04468CB126462868C04340038A
:101D700022D4D5F88800B0F5801F11D0B0F5001F2F
:101D800013D0B0F5401F15D0012414E0D5F8A420DD
:101D9000D9F8001021F440311143C9F80010E4E7EC
:101DA000386840F40030386004E00098012101F008
:101DB0000DFB04465CB126462868C043C00323D40B
:101DC000286DA8B1B0F5803F17D001241BE0D5F8ED
:101DD0008820DAF8001021F440111143CAF80010ED
:101DE000EAE700004C44025800480258CFFFFF00C9
:101DF000386840F40030386004E00198022101F0B6
:101E000055FA0446E4B126462868C043800005D44C
:101E10000098022101F0DAFA00B101262868C043D7
:101E200080031BD4D5F88000B0B1B0F5807F0FD00F
:101E3000B0F5007F10D0B0F5407F0DD001240CE04C
:101E40005A482A6D016821F4803111430160DBE7B3
:101E5000386840F400303860ECB326462868C04348
:101E6000C00207D46A6FD8F8001021F00041114376
:101E7000C8F800102868C043C00008D4D5F8B820BE
:101E8000DBF8001021F480411143CBF800102868E2
:101E9000C043800207D4EA6ED8F8001021F08071A8
:101EA0001143C8F800102868C04340000CD4DBF888
:101EB000001021F40041CBF80010DBF80010D5F839
:101EC000BC201143CBF800102868C04308D4374821
:101ED0006A6D016800E018E021F040511143016093
:101EE0002868C043000208D4D5F88C20DAF8001026
:101EF00021F440011143CAF8001028790024C0439E
:101F000000F0010020430AD00FE0D5F88020DAF875
:101F1000001021F440711143CAF800109EE70198A7
:101F2000002101F0C3F900B106462879C04300F052
:101F30000200204305D10198012101F0B7F900B159
:101F400006462879C04300F00400204305D10198DB
:101F5000022101F0ABF900B106462879C04300F038
:101F60000800204305D10098002101F02FFA00B1AC
:101F700006462879C04300F01000204305D10098A0
:101F8000012101F023FA00B106462879C04300F090
:101F90002000044304D10098022101F017FA00B98F
:101FA00016B10120BDE8FE8F0020FBE74C4402582B
:101FB0002DE9F05F04000F467ED0DFF83882D8F8B4
:101FC000000000F00F00B8420CD2D8F8001021F049
:101FD0000F013943C8F80010D8F8000000F00F00D6
:101FE000B84269D12078844D40070AD52069296814
:101FF00001F07001884204D9296821F07001014381
:10200000296020787C4E361D00070AD5606931684A
:1020100001F07001884204D9316821F07001014358
:1020200031602078C0060AD5A069316801F4E0610A
:10203000884204D9316821F4E0610143316020789D
:10204000DFF8B4B180060BF1080B0CD5E1695846F6
:10205000DBF8002002F07002914204D9026822F0FD
:1020600070020A430260207880070AD5E068296878
:1020700001F00F01884204D9296821F00F010143C2
:1020800029602078C0073ED05B49A26828681839CB
:1020900020F47060104328606068022818D003287C
:1020A00019D00968012819D0490700294ADADFF850
:1020B00048A1AAF1080A00E044E0DAF8002022F082
:1020C00007020243CAF80020FEF7B0FD814612E085
:1020D00009688903E9E709688901E6E7C905E4E7D2
:1020E000FEF7A4FDA0EB090141F28830814202D93C
:1020F0000320BDE8F09F6168DAF8000000F03800C6
:10210000B0EBC10FECD1207880070AD5E0682968D0
:1021100001F00F01884204D2296821F00F01014328
:102120002960D8F80010404601F00F01B9420BD9E0
:10213000016821F00F0139430160006800F00F00D1
:10214000B84201D00120D4E7207840070AD52069A1
:10215000296801F07001884204D2296821F07001D9
:1021600001432960207800070AD56069316801F0D1
:102170007001884204D2316821F07001014331605E
:102180002078C0060AD5A069316801F4E061884270
:1021900004D2316821F4E061014331602078800687
:1021A0000CD5E1695846DBF8002002F0700291423C
:1021B00004D2026822F070020A43026000F06CF858
:1021C0000E492A682B68C2F3032203F00F038A5CCE
:1021D000C95C02F01F0201F01F01D040084A20FA3A
:1021E00001F111600749086007480068BDE8F05F29
:1021F000FEF76CBD002000521844025890430008BE
:10220000100000240C0000240400002430B500F06D
:1022100043F80B4A0B490C4B15681468C5F30322AD
:1022200004F00F048A5C095D02F01F0201F01F0137
:10223000D040064A20FA01F119601060084630BD0E
:102240001844025890430008100000240C00002499
:1022500000B5FFF7DBFF05490968054AC1F3021124
:10226000515C01F01F01C84000BD00001C44025831
:102270009043000800B5FFF7C9FF05490968054A02
:10228000C1F30221515C01F01F01C84000BD0000F4
:102290001C44025890430008454970B545480968F8
:1022A000434B103B11F0380208D00111082A03D02B
:1022B000102A0BD0182A0BD0084670BD1968890661
:1022C000FBD51968C1F3C101C84070BD3A4870BD63
:1022D0003749374D18310C1D24350A6809682668BE
:1022E0002D6802F0030406F00102C1F30511C5F3E5
:1022F000CC0515FB02F200EE102AB8EE400AE9B355
:102300002F4ADFED2E0AB7EE001A6CB1DFED2D1A61
:10231000012C01D0022C43D002EE101A1068F8EE06
:10232000422A81EEA22A1EE01C68A40611D51B6871
:1023300001EE901A1168C3F3C103F8EE612AD84088
:1023400001EE900AC1F30800F8EE611A81EEA22AAC
:102350000BE001EE901ADFED1C2A00BFF8EE611AC7
:10236000106882EEA12AC0F3080001EE900AF8EE90
:10237000611A40EE201A31EE810A00E015E022EEEB
:10238000000A1068C0F34620401C00EE900AF8EEE8
:10239000600A80EE201ABCEEC10A10EE100A70BD71
:1023A00001EE901ADFED092AD8E7002070BD000089
:1023B000104402580090D00340787D01000000399D
:1023C000304402580024744A0024744C20BCBE4B94
:1023D0002DE9F05F04007DD0FF4F2078FE4D1837C7
:1023E000DFF8F493103DC00748D0D9F800003968F1
:1023F00000F03800102815D0182803D101F0030090
:1024000002280FD06068B0F5803F12D010B1B0F54F
:10241000A02F18D0286820F480302860286820F485
:10242000802009E02868800328D560680028D2D081
:1024300024E0286840F480302860606888B1FEF7A6
:10244000F5FB064609E0286840F480202860F0E7A4
:10245000FEF7ECFB801B64286FD828688003F7D553
:102460000CE0FEF7E3FB064605E000BFFEF7DEFBEF
:10247000801B6428F0D828688003F7D4207841F2C4
:102480000308D54E0C3E800769D5D9F8000039689D
:1024900010F038000ED0182801D188070AD0E06863
:1024A00090B3296821F0190101432960FEF7BEFBB2
:1024B000824631E02868400702D5E06800288AD0CB
:1024C000E168286820F0190008432860FEF7AEFB99
:1024D000824607E0DFE000BFFEF7A8FBA0EB0A00A2
:1024E0000228B9D828684007F6D500BFFEF798FB48
:1024F00040451BD82069402812D0316821F47C3136
:1025000041EA003030602AE018E000BFFEF78EFBA1
:10251000A0EB0A0002289FD828684007F6D5E5E717
:10252000306820F47C3040F40030EBE7207C3168E8
:1025300021F0FE4141EA0060E4E70DE1286820F067
:1025400001002860FEF772FB824605E0FEF76EFB95
:10255000A0EB0A0002288DD828684007F6D420781E
:10256000C0065DD5D9F80000DFF86CB2396800F01C
:102570003800ABF1040B082810D0182803D101F063
:10258000030001280AD0E0690028286838D040F00C
:1025900080002860FEF74AFB824623E02868C005D9
:1025A00023D5E069802876D11FE0206A202821D039
:1025B000316821F0F84141EA8060306030E000BFCE
:1025C00094F82010DBF8002022F07C5242EA0161EE
:1025D000CBF8001024E000BFFEF728FBA0EB0A00B8
:1025E000022898D82868C005F6D5FEF719FB4045A3
:1025F000E6D8DAE7306820F0F84040F08040DCE7C9
:1026000020F080002860FEF711FB064605E000BFC1
:10261000FEF70CFB801B02289DD82868C005F7D464
:102620002078000729D56C4861696430002980460C
:10263000016811D041F001010160FEF7F7FA06468A
:1026400005E000BFFEF7F2FA801B0228C9D8D8F8CF
:1026500000008007F6D510E021F001010160FEF7CF
:10266000E5FA064605E000BFFEF7E0FA801B022807
:1026700072D8D8F800008007F6D42078800623D5D9
:10268000A0690028286810D040F480502860FEF728
:10269000CDFA064605E036E1FEF7C8FA801B0228AF
:1026A0005AD828688004F7D50EE020F480502860BE
:1026B000FEF7BCFA064604E0FEF7B8FA801B0228D3
:1026C0004AD828688004F7D4207840074FD5DFF82F
:1026D0000C81D8F8001041F48071C8F80010FEF7A2
:1026E000A5FA064605E000BFFEF7A0FA801B6428A5
:1026F00032D8D8F80000C005F6D5374EA06860364D
:1027000001280AD008B1052813D0306820F0010054
:102710003060306820F0040002E0306840F00100D2
:102720003060A06841F2883A90B1FEF77FFA8046A7
:102730000AE0306840F004003060EEE7FEF776FA19
:10274000A0EB0801514507D830688007F6D50EE0A8
:10275000FEF76CFA804607E084E000BFFEF766FAF9
:10276000A0EB080151457DD830688007F6D4606A37
:10277000B0B3DFF86480D9F8001008F120084FF6F4
:10278000F87B08F10409C1F3C2010329A8F1040A86
:1027900069D00228286820F08070286003D0FEF7F6
:1027A00045FA044684E0FEF741FA064605E000BF1C
:1027B000FEF73CFA801B022877D828688001F7D4FE
:1027C000E26A40F2F331386854F8283F884340EA1F
:1027D00002101843386004E01044025800480258C0
:1027E000B5E0217B434622894FF4FE0C208A4FF04E
:1027F000FE474902267D521E401EA1F50071C2F31C
:1028000008088AB2761E0CEA004042EA0802024337
:10281000504607EA06610A431A60DAF8002022F0FF
:102820000102CAF80020D9F80020266A22EA0B0229
:1028300042EAC602C9F80020DAF80010A26921F0C5
:102840000C011143CAF800100168E26921F002018D
:1028500011430160016841F480310160016841F475
:10286000003101E021E027E00160016841F48021AE
:102870000160016841F001010160286840F080704A
:102880002860FEF7D3F9044605E000BFFEF7CEF955
:10289000001B022809D828688001F7D557E000BF3F
:1028A000FEF7C4F9001B022802D90320BDE8F09FFF
:1028B00028688001F4D44AE039680128D8F800007B
:1028C00021D0A26A01F0030393421CD1E26AC1F352
:1028D00005118A4217D1216BC0F30802491E8A42B2
:1028E00011D1616BC0F34622491E91420BD1A16BFD
:1028F000C0F30642491E914205D1E16BC0F3066068
:10290000491E814201D00120D0E7A16C4E46D9F882
:102910000000C0F3CC00814219D0DAF8000055461F
:1029200020F00100CAF80000FEF780F94FEA000726
:10293000FEF77CF9B842FBD0A26C306820EA0B00AD
:1029400040EAC2003060286840F0010028600020A2
:10295000ACE704284FF0E020016903D021F0040126
:102960000161704741F00401FAE7401EB0F1807F39
:1029700010B501D3012010BD4FF0E02460610F219C
:10298000601701F043FA0020A0610721216110BD0A
:1029900030B590F88410012918D0012280F88420E5
:1029A0002421C0F888100022202401680B680D68DB
:1029B00023F0005325F001050D60426601680B60AD
:1029C000C0F8884080F88420104630BD022030BD19
:1029D00070B5044690F8840001281DD0012284F8C7
:1029E00084202420C4F8880020680568026822F04A
:1029F000010202602068826822F060620A438260FD
:102A0000204600F0CBFE2268202100201560C4F88B
:102A1000881084F8840070BD022070BD70B5044633
:102A200090F8840001281DD0012284F884202420FD
:102A3000C4F8880020680568026822F0010202607C
:102A40002068826822F060420A438260204600F0DB
:102A5000A5FE2268202100201560C4F8881084F8A3
:102A6000840070BD022070BD10B5040003D0D4F8FE
:102A7000880010B107E0012010BD002084F8840018
:102A8000204600F027F82420C4F888002068016858
:102A900021F001010160A06A10B1204600F0A0FE03
:102AA000204600F081FF0128E6D02068416821F42B
:102AB000904141602068816821F02A01816020688E
:102AC000016841F0010101602046BDE8104000F0BE
:102AD000EBBE000010B5B6B00446142130A8FDF7D7
:102AE00041FCC0216846FDF73DFC1A492068884238
:102AF0002DD100201F9001210446CDE90010684629
:102B0000FEF780FD08B1FDF7FCFD1348016841F0B8
:102B100010010160006800F0100035900E48103878
:102B2000016841F00101016000680DF1C00C022153
:102B300000F0010035904FF4C06007238CE81300CB
:102B400003220648CDE9332330A9FDF749FF36B00B
:102B500010BD000000100140F0440258000002586F
:102B60002DE9F8430446D0F88800984616460D46ED
:102B7000202802D00220BDE8F883A5B19EB1002133
:102B8000C4F890102120C4F888001834FEF74EF8DD
:102B9000814654F8100CA687E6872027183CB0F52C
:102BA000805F02D003E00120E5E7206910B12E46E6
:102BB000002510E000260EE08021204601F0CAF832
:102BC000C0B9DEB116F8010B21688862B4F856006E
:102BD000401EA4F85600B4F856004B464FF00002D1
:102BE000CDF800800028E7D14FF04001204601F0E9
:102BF000B1F848B1C4F888700320BCE735F8020B7F
:102C00002168C0F30800E0E7C4F888700020B2E74C
:102C1000FEE7000070B5124C002280212046FDF72F
:102C2000FAFF022001F08AFA012220461502294605
:102C3000FDF7F1FF022001F081FA0022294620462B
:102C4000FDF7E9FF022001F079FA012220468021F8
:102C5000FDF7E1FFBDE87040022001F06FBA00000F
:102C60000004025810B5064C012211022046FDF75F
:102C7000D2FF01222046BDE810408021FDF7CBBFE6
:102C80000004025870B50E4C012280212046FDF749
:102C9000C2FF022001F052FA012220461502294605
:102CA000FDF7B9FF022001F049FA0022294620462B
:102CB000FDF7B1FFBDE87040022001F03FBA00000F
:102CC000000402582DE9F041164E00244FF480779D
:102CD00080462546394660060122040E3046FDF73F
:102CE0009AFF022001F02AFA80213046FDF78EFF7C
:102CF00008B1641CE4B2394600223046FDF78BFF70
:102D0000022001F01BFA6D1CEDB2082DE2D3B8F1E0
:102D1000000F04D0FFF77EFF2046BDE8F081FFF7EB
:102D2000B1FFF9E7000402582DE9F041174E0024E5
:102D30004FF480770546280601D5012200E00022E5
:102D400030468021FDF767FF022001F0F7F90122EC
:102D500039463046FDF75FFF022001F0EFF900220F
:102D600039463046FDF757FF072C04D10122304683
:102D70008021FDF750FF6806050E022001F0DEF904
:102D8000641CE4B2082CD6D3BDE8F08100040258DC
:102D900070B5104C012280212046FDF73CFF012236
:102DA000204615022946FDF736FF022001F0C6F93C
:102DB000002220468021FDF72EFF022001F0BEF9FF
:102DC000002229462046FDF726FFBDE8704002207C
:102DD00001F0B4B90004025810B50D4C0022802156
:102DE0002046FDF718FF022001F0A8F90122204635
:102DF0001102FDF710FF022001F0A0F90122204688
:102E00008021FDF708FFBDE81040022001F096B9CF
:102E1000000402582DE9F041164E002401222546F7
:102E200080213046FDF7F7FE022001F087F90122EC
:102E3000304617023946FDF7EEFE07E0641CE4B2A7
:102E4000FA2C03D9FFF7C8FF012508E0022001F0A2
:102E500075F980213046FDF7D9FE0028EED1002219
:102E600039463046FDF7D7FE022001F067F92846C3
:102E7000BDE8F081000402582DE9F04F87B014211D
:102E80006846FDF76FFA4E48016841F004010160A1
:102E9000016801F004010591016841F0020101603F
:102EA000016801F002010591016841F00101016032
:102EB000016801F001010591016841F01001016014
:102EC000016801F010010591016841F08001016085
:102ED000016801F080010591016841F0080101607D
:102EE00000680122DFF8DC90102100F00800059056
:102EF0004846FDF790FE002240F289114846FDF752
:102F00008AFEDFF8C4A04FF4005801224146504623
:102F1000FDF781FE002250460421FDF77CFEDFF81C
:102F2000ACB0002208215846FDF775FE0124694621
:102F300003251020CDE90004CDE902454846FDF700
:102F40004FFD1120E9010027CDE90010CDE9027500
:102F500069464846FDF744FD022603950920694667
:102F60008DE851004846FDF73BFDCDE90084CDE9F1
:102F7000024769465046FDF733FD042003958DE86E
:102F8000510069465046FDF72BFD082700974FF486
:102F900004106946CDE901045046FDF721FD009774
:102FA000694603955846CDE90146FDF719FD2020F5
:102FB000FDF742FE4020FDF73FFE07B0BDE8F08F71
:102FC000E044025800040258000802580000025869
:102FD0000C48162270B50021094BC0E9031241616B
:102FE000042481612025C161016280E83800FEF778
:102FF0005BF8002803D0BDE87040FDF782BB70BDD0
:1030000000500052740000241848002110B5164CDE
:103010000C224FF4E1330460C0E90131C160C0E922
:1030200004128161C161016241628162FFF71CFD8E
:1030300008B1FDF766FB0D480021FFF7EFFC08B172
:10304000FDF75FFB09480021FFF7C2FC08B1FDF75F
:1030500058FB0648FFF79CFC002803D0BDE8104051
:10306000FDF74FBB10BD000000100140C000002460
:10307000FEE7FEE770472DE9F0434B6A4FF04065ED
:103080002BB1AA4203D004688B6A5B1E23618B6953
:10309000002B68D00C6AB4B303688C68DC61CC691F
:1030A000FCB1D1E90B38D1F824C04E6B8F8A43EACA
:1030B000080346EA0C0633430E6A43EA8743D1E924
:1030C000037C43EA0C0333438E693B430F6823437D
:1030D000046833433B4365E0006849688161BDE8AB
:1030E000F083D1E90B364F6A4C6B8D8A33433C43F6
:1030F0000E6923430C6A43EA85438D6933430968AB
:1031000023432B4362E0FFE7CC69B4F1000918D0F8
:10311000D1E90B484F6A4E6BB1F814C044EA080479
:103120003E430F683443CE6844EA8C44344344EA57
:1031300009041C4303683C431443AA425C61CBD19D
:10314000CDE7D1E90B464F6A4D6BB1F814C034435B
:103150003D4300682C43096844EA8C441C430C43FB
:1031600014434461BBE70B6AABB303688C68DC6152
:10317000CC69E4B1D1E90B38D1F824C04E6B8F8A09
:1031800043EA080346EA0C0633430E6A43EA8743E0
:10319000D1E9037C43EA0C0333438E693B43234369
:1031A000046833431343AA42636195D197E7D1E999
:1031B0000B364F6A4C6B8D8A33433C430E69234375
:1031C0000C6A43EA854389693343234300680B4310
:1031D0001343436183E7FFE7CC6984B1D1E90B383E
:1031E0004F6A4E6BB1F814C043EA08033E433343C1
:1031F000CE6843EA8C43334323430468D2E74C6AE6
:10320000002C9DD0D1E90B368F8A4D6B016833437A
:1032100025432B4343EA8740104348615FE710B5DD
:10322000006C00218163C16290F84110082905D02B
:10323000012180F84110FDF742FE10BD0268022115
:10324000D16001680A6842F400320A6000680168CF
:1032500041F00201016010BD2DE9F041984616468B
:103260000F460446069D08E0681C06D0FDF7DEFC0C
:10327000A0EB0800A8420AD84DB120688068384009
:1032800000D00120B042EFD10020BDE8F081042041
:1032900084F84100606C40F0010060640120F4E7B4
:1032A0000148FDF70FBE0000740000242DE9F0472F
:1032B000454D044689464FF0000A2868C043800700
:1032C0000AD0414E283E306820F080603060FDF723
:1032D000ADFC0746B04608E00120BDE8F08700BF1E
:1032E000FDF7A4FCC01B022867D8D8F80000000135
:1032F000F6D4206829684FF4FE0721F47C313E02A1
:1033000041EA00302860207AA389B4F804C0400262
:103310002D4D2D495B1E227CACF1010C1035091D91
:10332000A0F5007080B2521ECCF3080C07EA0343EC
:1033300040EA0C00184306EA02621043286008685D
:10334000626920F0C000104308600A68A06922F09A
:10335000200202430A60281D0A6822F010020A6057
:1033600002684FF6F873E4699A4342EAC4020260C5
:103370000868B9F1000F40F010020A6011D0086827
:10338000B9F1010F11D040F400100860D8F8000026
:10339000444640F08060C8F80000FDF747FC054651
:1033A0000DE0086840F40020EFE740F48010ECE7FF
:1033B000FDF73CFC401B022801D903208DE7206863
:1033C0000001F5D5504688E7284402582DE9F0471A
:1033D000454D044689464FF0000A2868C0438007DF
:1033E0000AD0414E283E306820F080503060FDF712
:1033F0001DFC0746B04608E00120BDE8F08700BF8D
:10340000FDF714FCC01B022867D8D8F80000800024
:10341000F6D4208829684FF4FE0721F07C713E0223
:1034200041EA00502860207AA389B4F804C0400221
:103430002D4D2D495B1E227CACF1010C1835091D68
:10344000A0F5007080B2521ECCF3080C07EA0343CB
:1034500040EA0C00184306EA02621043286008683C
:10346000626920F44060104308600A68A06922F491
:10347000007202430A60281D0A6822F480720A6002
:1034800002684FF6F873E4699A4342EAC4020260A4
:103490000868B9F1000F40F480720A6011D0086822
:1034A000B9F1010F11D040F080700860D8F8000029
:1034B000444640F08050C8F80000FDF7B7FB0546D1
:1034C0000DE0086840F48000EFE740F40000ECE70E
:1034D000FDF7ACFB401B022801D903208DE72068D3
:1034E0008000F5D5504688E7284402587047FDF71C
:1034F000B7BB000070B59CB04C216846FCF732FFAA
:10350000202113A8FCF72EFF0220FDF761FC2D49B6
:1035100000242D480A6822F001020A600A68026845
:1035200042F440420260026802F440421B92026888
:103530009204FCD5254A136843F002031360126815
:1035400002F002021B92026842F4404202600268EA
:103550000A6842F001020A60096801F001011B914A
:1035600001688904FCD50DF1280C02200990052181
:10357000C0228CE80700C3030F9008250D90012698
:103580000E90CDE91054CDE9006368461294FEF721
:103590001FFF08B172B6FEE740201A903F210301D9
:1035A000CDE916500322CDE9180313AB13A883E825
:1035B00016000421FEF7FCFC002801D072B6FEE7DD
:1035C0001CB070BD2C04005818480258F44402582E
:1035D0002C48F0B52C4A016841F470010160106874
:1035E00000F00F00072804D2106820F00F00C01D63
:1035F000106026490020254C10340B68244D43F000
:1036000001030B6020600B682B400B60136803F014
:103610000F03072B04D9136823F00F03DB1D13607E
:103620001A4C1C4A18341C4B261D371D2060174CA1
:103630001A4D28343060261D3860371D23603B1D2D
:1036400035601C1D3A60251D2E1D1860331D22603B
:103650002860326018600A680C4B114C22F48022FA
:1036600060330A60186020686FF30F00B0F1005FEC
:1036700003D20C490120C1F8080143F2D2000A49E3
:103680000860F0BD88ED00E00020005200440258C0
:103690007FEDF6EA80020101000202020000FF0154
:1036A0000010005C008000510040005210B5FDF792
:1036B0002BF8034901484860002010BD6D08000840
:1036C00020000024274D052794B0286880470A2051
:1036D000FDF774F9FCF7D8FF0126E8464FF6FF79AD
:1036E000696801208847002495F8340006FA04F13F
:1036F000084231D0E868B0F5B87F2FDA296AB1F511
:10370000E07F2BDA002801DC002927DDA0F1870209
:10371000772A04D23A2902DAFCF7B6FF09E000283A
:1037200001DC002905DD104B4FF47F021A60FCF725
:10373000F9FE58F834004146484503D0A0F57062C0
:10374000FF3A0BD105EB840001EBC402C36848F8D3
:103750003430006A506001E048F83490641CBC4288
:10376000C2DBBDE720000024180000240A4890F8BE
:1037700034100A0604D521F0800180F8341006E0E8
:103780000021C1614FF6FF72C2600262016390F8CE
:10379000340000F0800070472000002430B5416EF6
:1037A000B9B101680D4B03F108048A688968C2F356
:1037B0004262490F5D5C615C2D01B5FBF1F1A0F83F
:1037C0006A10995CA25C0901B1FBF2F1A0F86810E3
:1037D00030BD0121A0F86A10F8E70000804300081E
:1037E00090F82810090706D50168836B4A6822F40F
:1037F00000421A434A6090F82810C90706D00168B1
:10380000C36A4A6822F400321A434A6090F82810CA
:10381000890706D50168036B4A6822F480321A438F
:103820004A6090F82810490706D50168436B4A683A
:1038300022F480221A434A6090F82810C90606D55F
:103840000168C36B8A6822F480521A438A6090F838
:103850002810890606D50168036C8A6822F4005294
:103860001A438A6090F82810490611D50168436C04
:103870004A6822F480121A434A60416CB1F5801FF5
:1038800006D10168836C4A6822F4C0021A434A6078
:1038900090F82810090606D50168C26C486820F423
:1038A00000201043486070472DE9F8430025044686
:1038B000C0F89050FDF7BAF98046206820266FF0D6
:1038C0007E470068000713D5002243463104204696
:1038D000009700F03FFA58B1216851E8000F20F03E
:1038E000800041E80002002AF6D1C4F8886021E097
:1038F00020680068400722D5002243464FF480012B
:103900002046009700F026FAC8B1206850E8001F52
:1039100021F4907140E80012002AF6D120680830A6
:1039200050E8001F21F0010140E80012002AF5D103
:10393000C4F88C60032084F88450BDE8F883C4F890
:103940008860C4F88C60E5662567002084F88450A0
:10395000F3E7000010B5026852E8001F21F49071EF
:1039600042E80013002BF6D10E4B0268083252E8F1
:10397000001F194042E80014002CF6D1C16E012945
:1039800008D1026852E8001F21F0100142E800133C
:10399000002BF6D100212022C0F88C20C16641679F
:1039A00010BD0000FEFFFFEF2DE9F04304468068E4
:1039B000D84E87B0D84B2168D4E90427D4F81CC06E
:1039C00010430A68002547EA0C0738433240024397
:1039D0000A602068E268416821F440511143416067
:1039E0002268A1699A4201D0206A01439768DFF8F2
:1039F0002CC3CB4ECB4807EA0C070F4397602168D6
:103A0000676ACA6A22F00F023A43CA622268B24267
:103A10000ED1006800F03800182873D047DCB8B326
:103A2000082879D010286FD178E028287ED17BE053
:103A3000BD498A4209D1006800F00700062875D206
:103A4000DFE800F0546A6C6E7072B8498A4209D19E
:103A5000006800F00700062868D2DFE800F0475D44
:103A60005F616365B2498A4209D1006800F00700CE
:103A700006285BD2DFE800F03A5052545658AD4960
:103A80008A420BD1006800F0070006284ED200E001
:103A900010E0DFE800F02B4143454749A6498A4240
:103AA0000AD1006800F03800182839D0B7DD202886
:103AB000BBD13CE001203AE0A0498A4209D100682C
:103AC00000F00700062831D2DFE800F01026282A8F
:103AD0002C2E9B498A420BD1006800F00700062873
:103AE00024D2DFE800F003191B1D1F2100201EE077
:103AF0009A421BD18B48001D006800F00700062881
:103B000014D202E00CE007E010E0DFE800F003056B
:103B100007090B0D02200AE0042008E0082006E057
:103B2000102004E0202002E0402000E080208549B1
:103B3000DFF814829A42854A4FF400434FEA211776
:103B40004FF000064ED110281AD006DC022809D00A
:103B500004280BD008287CD10DE020283ED0402836
:103B600077D13DE0FDF7F8FB014610E06846FDF730
:103B700005FC01990BE003A8FDF7A2FC049906E0FF
:103B80001068800605D51068C0F3C100C140002947
:103B900070D0606A676838F8102007EB4703B1FB04
:103BA000F2F0834255D8B0EB073F52D800230846C5
:103BB0001946FCF78DFB02467808130E120243EA01
:103BC000012110183A4671410023FCF781FB604A3D
:103BD000A0F5407191423CD821688FE03946D8E782
:103BE0001946D6E7D4F81CC04FF6EF799C4546D16C
:103BF000082819D005DC58B101280CD0042875D14B
:103C00000DE0102815D0202835D040286ED134E0A2
:103C1000FEF71EFB01E0FEF72DFB014610E06846B3
:103C2000FDF7ACFB01990BE003A8FDF749FC0499F3
:103C300006E01068800604D51068C0F3C100C140DA
:103C4000C1B1636A606838F81330B1FBF3F1490021
:103C500000E04BE001EB5001B1FBF0F0A0F11001EE
:103C6000494543D84FF6F0732168C0F3420218402B
:103C7000104343E043E03946E3E71946E1E708280B
:103C800019D005DC58B101280CD004282ED10DE044
:103C9000102815D020282BD0402827D12AE0FEF765
:103CA000D7FA01E0FEF7E6FA014610E06846FDF7B4
:103CB00065FB01990BE003A8FDF702FC049906E0FF
:103CC0001068800604D51068C0F3C100C140B1B1CE
:103CD000636A606838F81330B1FBF3F101EB50010F
:103CE000B1FBF0F0A0F11001494505D9012506E02E
:103CF0003946EDE71946EBE7216880B2C86001203C
:103D0000A4F86A00A4F8680028466667A66707B0AA
:103D1000BDE8F083F369FFCF000C0058FFF4FF11FA
:103D20000010014054440258004400400048004044
:103D3000004C00400050004000140140007800405A
:103D4000007C00400090D003684300080044025803
:103D5000FFFC0F002DE9F047994617460D46044633
:103D6000089E4FF0000833E0701C31D0FCF75EFF76
:103D7000A0EB0900B04218D8BEB12068016849071D
:103D800026D5802D24D0402D22D0C169C9430907F2
:103D90000DD4082505622046FFF7DCFDC4F89050DD
:103DA000012084F88480BDE8F0870320FBE7C06928
:103DB000C04300050CD421684FF40060086220461F
:103DC000FFF7C8FD2021C4F8901084F88480ECE748
:103DD0002068C06935EA000004D00020B842C3D092
:103DE0000020E0E70120F9E7FEE700000FB4054BF3
:103DF00010B503A9044A029800F028F810BC5DF839
:103E000014FB00007141000870000024090700281D
:103E10004FEA116104DB00F1E02080F800147047E4
:103E200000F00F0000F1E02080F8141D704702E060
:103E300008C8121F08C1002AFAD170477047002035
:103E400001E001C1121F002AFBD170472DE9FF4F8D
:103E50008DB09B460F460446002606E025280BD071
:103E60005A460F999047641C761C20780028F5D19B
:103E700011B03046BDE8F08F0025A84601229849D0
:103E800000E0054314F8013F203B02FA03F008422A
:103E9000F7D120782E2817D114F8010F45F004052A
:103EA0002A280ED06FF02F022078A0F130010929C6
:103EB0000AD808EB880102EB410100EB0108641C01
:103EC000F2E757F8048B641C20786C280DD004DCD2
:103ED0004C2812D06A2811D104E074280DD07A2819
:103EE0000CD10AE045F4001507E0617845F480152F
:103EF000814202D1641C05F58015641C2278692A70
:103F000045D008DC002AB3D0582A69D0632A10D0E3
:103F1000642A08D13BE0702A67D0732A13D0752A2F
:103F20005CD0782A5CD010465A460F999047761C90
:103F3000D3E017F8040B8DF8000000208DF8010085
:103F4000E946012003E057F8049B4FF0FF30690772
:103F50004FF0000501D40AE06D1C45450DDA85429D
:103F6000FADB19F805100029F6D106E06D1C854230
:103F7000FCDB19F805100029F8D12E4404E019F8EB
:103F8000010B5A460F9990476D1EF8D2A5E00A2002
:103F90000021CDE90801C5F3025002280DD001CF60
:103FA000C117031E71F100030DDA4FF0000CD0EBC6
:103FB0000C006CEB01012D2308E0FF1D27F0070723
:103FC000F7E80201EDE72B0504D52B238DF8283007
:103FD00001233BE0EB0739D02023F7E70A2000E07C
:103FE00010200021CDE9080107E01020002145F054
:103FF0000405CDE908014FF00808C5F30250022876
:104000000FD001CF00214FF0000A2B071FD5702AD7
:104010000DD0DDE908C38CF0100C5CEA030C0CD069
:1040200015E0FF1D27F00707F7E80201EBE7402244
:104030008DF828204FF0010A0BE050EA010306D06A
:1040400030238DF828308DF8292002239A46582AEB
:1040500004D024A20DF120090B9209E026A2F9E771
:10406000DDE90823FCF734F90B9B9B5C09F8013D63
:1040700050EA0102F4D1ADEB090020300890680746
:1040800001D44FF001080899884502DDA8EB010032
:1040900000E000208046002506E00AA85A46405D60
:1040A0000F9990476D1C761C5545F6DB04E03020D7
:1040B0005A460F999047761CB8F10001A8F1010803
:1040C000F5DC05E019F8010B5A460F999047761C6C
:1040D0000899481E08900029F4DC641CC5E600001D
:1040E00009280100303132333435363738396162CE
:1040F0006364656600000000303132333435363792
:1041000038394142434445460000000010B504469A
:104110000420FEF71EFC0148046010BD6C00002462
:1041200070B5002405464FF47A7603E0304600F07F
:1041300005F8641CAC42F9D370BD00000B490022A5
:1041400070B54FF0E024096865694843A369A16927
:104150009942FCD002D2A3EB010302E0A5EB0106D9
:1041600033441A440B468242F1D370BD6C000024E4
:1041700013B5044801224FF6FF736946FEF7F0FCC1
:1041800000981CBDC0000024FCF772FDFFF7B2F9D7
:10419000FEF772FEFEF71CFFFEF736FF4FF4F070DD
:1041A000FFF7B4FF00F07CF8FFF78CFA0A4C4FF4ED
:1041B00000564FF4FA75314600222046FCF72BFDDD
:1041C0002846FCF7FBFB012231462046FCF723FD85
:1041D0002846FCF7F3FBEEE700080258F0B58FB075
:1041E000144638220F46134905466846FCF7A1F8E5
:1041F000280241F288360A9401903CB10E483246BA
:104200006946FCF719FE324639460DE00121324677
:1042100001950803039008480A916946FCF70CFED3
:10422000002032460EA90E900348FDF731F80FB07A
:10423000F0BD0000C0B4000874000024F0B58FB0D9
:10424000144638220F46144905466846FCF771F8B3
:10425000280241F288360A9401903CB10F48324658
:104260006946FCF7E9FD324639460FE00122019527
:104270001003039001030948CDE90912324669464B
:10428000FCF7DAFD002032460EA90E900348FCF739
:10429000FFFF0FB0F0BD0000F8B400087400002468
:1042A00010B52D4C012286B011462046FCF7B3FC18
:1042B000012220461021FCF7AEFC002220460821F6
:1042C000FCF7A9FC0A20FFF72BFF0122204608215A
:1042D000FCF7A1FC3220FFF723FF002469460122EE
:1042E00000941120FFF77AFF6420FFF719FF1BA04D
:1042F000012201A9006801903A20FFF76FFF18A082
:10430000012202A9006802905320FFF767FF0120F5
:10431000FFF706FF01220394512003A9FFF75EFF78
:104320000120FFF7FDFE00220494292004A9FFF7D5
:1043300055FF0120FFF7F4FE0AA0012205A900683D
:1043400005905120FFF74AFF0020FCF769F80A208A
:10435000FFF7E6FE06B010BD00040258550000004D
:1043600020000000FF000000010002000400060021
:1043700008000A000C00100020004000800000012E
:104380000101010307010000080402040801010102
:1043900000000000010203040102030406070809EB
:1043A000000000000000000000000000000000000D
:1043B0003F400000000000000000300040003000DE
:1043C0004000000009000BC03D000BC03D0009008B
:1043D00018C024407FE0224031800000180024C033
:1043E0001B000D803240018003801C4027401C8050
:1043F00007400040100060000000000000000000C6
:104400000000000000001F802040402000004020ED
:1044100020401F8000000000090006001F800600E9
:1044200009000000040004003F80040004000000B4
:104430000010006000000000000000000400040004
:104440000400040004000000000000400000000020
:1044500000000000002001C00600380040000000FD
:104460001F802040204020401F800000000010409E
:104470003FC000400000000018C0214022402440FE
:104480001840000010802040244024401B80000081
:1044900002000D0011003FC0014000003C8024409C
:1044A00024402440238000001F80244024403440C6
:1044B000038000003000200027C0380020000000EA
:1044C0001B802440244024401B8000001C0022C08C
:1044D000224022401F800000000000000840000031
:1044E0000000000000000000046000000000000068
:1044F000000004000A00110020804040090009006B
:10450000090009000900000000004040208011005F
:104510000A000400180020002340240018000000B6
:104520001F802040274029401F400000004007C056
:1045300039000F0001C0004020403FC0244024400B
:104540001B8000001F802040204020403080000061
:1045500020403FC0204020401F80000020403FC03E
:1045600024402E4030C0000020403FC024402E0098
:10457000300000000F0010802040224033800200F5
:1045800020403FC0040004003FC0204020402040A5
:104590003FC02040204000000060202020203FC07D
:1045A0002000200020403FC024400B0030C02040AD
:1045B00020403FC020400040004000C03FC03C00C1
:1045C00003C03C003FC0000020403FC00C4023001F
:1045D0003FC020001F802040204020401F8000005E
:1045E00020403FC024402400180000001F802140CC
:1045F000214020E01FA0000020403FC024402600B2
:1046000019C0004018C024402440224031800000DE
:10461000300020403FC020403000000020003F809C
:10462000004000403F80200020003E0001C0070005
:1046300038002000380007C03C0007C038000000E8
:10464000204039C0060039C020400000200038401A
:1046500007C0384020000000304021C026403840CC
:1046600020C00000000000007FE04020402000004B
:10467000000070000C00038000400000000040209B
:1046800040207FE0000000000000200040002000EB
:1046900000000000001000100010001000100010BA
:1046A0000000000040000000000000000000028048
:1046B0000540054003C0004020003FC004400440C6
:1046C0000380000000000380044004400640000016
:1046D00000000380044024403FC0004000000380ED
:1046E0000540054003400000000004401FC0244076
:1046F00024402000000002E0055005500650042030
:1047000020403FC00440040003C0004000000440BB
:1047100027C000400000000000100010041027E037
:104720000000000020403FC00140070004C00440DA
:10473000204020403FC000400040000007C004006F
:1047400007C0040003C00000044007C00440040088
:1047500003C00040000003800440044003800000C8
:10476000041007F0045004400380000000000380A0
:104770000440045007F00010044007C00240040049
:1047800004000000000006400540054004C0000091
:10479000000004001F800440004000000400078067
:1047A0000040044007C000400400070004C001802E
:1047B00006000400060001C0070001C0060000005A
:1047C000044006C0010006C00440000004100710A9
:1047D00004E00180060004000000044005C006401B
:1047E000044000000000000004007BE040200000C6
:1047F000000000000000FFF000000000000040206A
:104800007BE0040000000000400080004000200029
:104810002000400000000000000000000000000038
:10482000000000000000000000001FCC000C000091
:1048300000000000000008003000600008003000A8
:1048400060000000022003FC1E20022003FC1E204A
:104850000220000000000E1811043FFF10840C78A5
:10486000000000000F0010840F3800C00778188483
:104870000078000000780F8410C411240E9800E422
:1048800000840008080068007000000000000000BC
:104890000000000000000000000007E018182004DD
:1048A00040020000000040022004181807E0000049
:1048B000000000000240024001800FF00180024031
:1048C000024000000080008000800FF8008000801F
:1048D000008000000001000D000E0000000000003C
:1048E0000000000000000080008000800080008048
:1048F000008000800000000C000C000000000000A0
:1049000000000000000000060018006001800600A2
:1049100018002000000007F0080810041004080820
:1049200007F000000000080408041FFC0004000455
:104930000000000000000E0C10141024104411841C
:104940000E0C000000000C18100411041104128851
:104950000C700000000000E00320042408241FFC69
:104960000024000000001F98108411041104108816
:1049700010700000000007F0088811041104188866
:104980000070000000001C00100010FC13001C0050
:104990001000000000000E381144108410841144EF
:1049A0000E38000000000700088C104410440888EE
:1049B00007F00000000000000000030C030C0000E2
:1049C00000000000000000000001010600000000DF
:1049D00000000000000000800140022004100808D0
:1049E00010040000022002200220022002200220E7
:1049F00002200000000010040808041002200140FA
:104A00000080000000000E001200100C106C1080DE
:104A10000F00000003E00C1813E4142417C4082846
:104A200007D000000004003C03C41C40074000E421
:104A3000001C000410041FFC1104110411040E8852
:104A40000070000003E00C1810041004100410089B
:104A50001C10000010041FFC1004100410040808AF
:104A600007F0000010041FFC1104110417C4100407
:104A70000818000010041FFC1104110017C01000DA
:104A80000800000003E00C181004100410441C7807
:104A90000040000010041FFC10840080008010847F
:104AA0001FFC10040000100410041FFC100410046C
:104AB0000000000000030001100110011FFE1000A3
:104AC0001000000010041FFC110403801464181C63
:104AD0001004000010041FFC100400040004000473
:104AE000000C000010041FFC1F0000FC1F001FFC36
:104AF0001004000010041FFC0C04030000E0101858
:104B00001FFC100007F00808100410041004080827
:104B100007F0000010041FFC10841080108010802B
:104B20000F00000007F0081810241024101C080AB9
:104B300007F2000010041FFC1104110011C0113015
:104B40000E0C000400000E1C11041084108410448C
:104B50001C3800001800100010041FFC1004100086
:104B60001800000010001FF81004000400041004D6
:104B70001FF8100010001E0011E0001C00701380D0
:104B80001C0010001FC0103C00E01F0000E0103CA3
:104B90001FC000001004180C163401C001C01634E8
:104BA000180C100410001C00130400FC13041C005B
:104BB000100000000804101C1064108413041C046E
:104BC000101800000000000000007FFE40024002BC
:104BD00040020000000030000C0003800060001C58
:104BE0000003000000004002400240027FFE00007F
:104BF00000000000000000002000400040004000D5
:104C0000200000000001000100010001000100017E
:104C100000010001000040004000200000000000F2
:104C200000000000000000980124014401440144F8
:104C300000FC000410001FFC00880104010400882F
:104C400000700000000000700088010401040104ED
:104C500000880000000000700088010401041108B1
:104C60001FFC0004000000F8014401440144014419
:104C700000C800000000010401040FFC110411042D
:104C800011001800000000D601290129012901C9DD
:104C90000106000010041FFC008401000100010453
:104CA00000FC000400000104190419FC00040004C5
:104CB000000000000000000300010101190119FEBD
:104CC0000000000010041FFC0024004001B4010C8F
:104CD000010400000000100410041FFC0004000484
:104CE00000000000010401FC0104010001FC0104BA
:104CF000010000FC010401FC00840100010001042A
:104D000000FC0004000000F8010401040104010497
:104D100000F80000010101FF008501040104008882
:104D2000007000000000007000880104010401050B
:104D300001FF00010104010401FC008401040100E1
:104D400001800000000000CC012401240124012482
:104D50000198000000000100010007F801040104AF
:104D600000000000010001F8000400040004010834
:104D700001FC0004010001800170000C00100160C2
:104D80000180010001F0010C003001C00030010C75
:104D900001F0010000000104018C00740170018C1D
:104DA00001040000010101810171000E0018016081
:104DB0000180010000000184010C013401440184E0
:104DC000010C0000000000000000000001003EFC9B
:104DD000400240020000000000000000FFFF000051
:104DE000000000000000400240023EFC0100000004
:104DF00000000000000060008000800040004000D3
:104E00002000200000000000000000000000000062
:104E10000000000000000000000000000000000092
:104E20000000000000000000000000000000000082
:104E3000000000000000000F80380FFE380F80389F
:104E40000000000000000000000000000000000062
:104E500000000100000600000C00003800003100D6
:104E6000000600000C0000380000300000000000C8
:104E70000000000061800067F807F9800061800091
:104E800061800061800061800067F807F98000613F
:104E90008000000000000000000001C0E003E0F01E
:104EA0000630080418081FFFFE040E080787F003E9
:104EB00081E000000000000001F000060C00040486
:104EC00008060C7001F9C0000E00003BE000EC1871
:104ED000070808040C180003E00000000001E000CF
:104EE00007F003F818041C0804170807E1D003C0F2
:104EF000E00023B0003C0800200800001000000083
:104F00000000000100003100003200001C00000021
:104F10000000000000000000000000000000000091
:104F20000000000000000000000000000000000081
:104F3000000000007F0001FFC00780F00C00181087
:104F40000004200002000000000000200002100009
:104F5000040C00180780F001FFC0007F0000000073
:104F60000000000000000000000000000000000041
:104F70004200006600006600003C0000180003FFCD
:104F8000C0001800003C00006600006600004200FF
:104F900000000000080000080000080000080000F1
:104FA000080001FFC0000800000800000800000819
:104FB0000000080000000000000100003100003285
:104FC00000001C00000000000000000000000000C5
:104FD00000000000000000000000000008000008C1
:104FE0000000080000080000080000080000080099
:104FF0000008000008000008000000000000000099
:1050000000000000380000380000380000000000F8
:105010000000000000000000000000000000000090
:1050200000000000000600001C000070000180006D
:105030000E0000380000C0000700001C0000300017
:1050400000000000000000007F8001FFE00380708E
:105050000600180400080400080600180380700108
:10506000FFE0007F80000000000000000000010061
:105070000801000801000803FFF807FFF800000816
:10508000000008000008000000000000000000010F
:10509000C03802C05804009804011804021804041F
:1050A00018061C1803F81801E0F8000000000000C2
:1050B00000000001C0E003C0F00400080408080478
:1050C000080806180803F41801E7F00001E00000E2
:1050D00000000000000000000300000D00001100AF
:1050E00000610000810803010807FFF80FFFF800C6
:1050F00001080001080000000000000000E007FCBB
:10510000D006080806100806100806100806183809
:10511000060FF00607C000000000000000000000BD
:105120003F8001FFE00384300208180410080410D7
:1051300008041008071810030FF00007C000000053
:1051400000000000000003C0000700000600000689
:1051500000F80607F806180006E000070000060041
:105160000000000000000001E1E003F7F006341049
:10517000041808041808040C08040C080616180380
:10518000F3F001C1E000000000000000F80003FCA3
:10519000300306380402080402080402080404105C
:1051A0000308F001FFC0007F0000000000000000C5
:1051B00000000000000000000000000070380070D7
:1051C00038007038000000000000000000000000FF
:1051D00000000000000000000000000000000000CF
:1051E000301A00301C000000000000000000000029
:1051F0000000000000000000000000080000140093
:1052000000220000410000808001004002002004D4
:10521000001008000800000000000000210000212C
:1052200000002100002100002100002100002100D9
:10523000002100002100002100000000000000000B
:105240000000080008040010020020010040008057
:10525000800041000022000014000008000000004F
:1052600000000003C00004C000040000080038086B
:105270000F380808380810000C300007E00003C0A1
:1052800000000000000000003F8000FFE00380708D
:10529000020F1006708804C088048308047F880207
:1052A000C09003012000FE4000000800001800012B
:1052B000F8003E0801C20007020007E20000FE00FD
:1052C000001FC80001F800003800000804000807AB
:1052D000FFF807FFF8040808040808040808040891
:1052E0000806180803F41801E7F00001E0000000C8
:1052F000000000003F8001FFE003807002001804FE
:1053000000080400080400080400100600200780BC
:10531000C000000004000807FFF807FFF8040008B9
:105320000400080400080400180200100380700143
:10533000FFE0007F8000000004000807FFF807FF7F
:10534000F8040808040808040808040808043E08CB
:1053500004000806001801006000000004000807AF
:10536000FFF807FFF8040808040800040800040810
:1053700000043E000600000600000180000000005E
:10538000000000003F8001FFE00380700600180469
:1053900000080402080402080203F00783F0000278
:1053A0000000020004000807FFF807FFF8040808DF
:1053B00000080000080000080000080004080807B2
:1053C000FFF807FFF80400080000000000000400D8
:1053D0000804000804000807FFF807FFF8040008A5
:1053E00004000804000800000000000000000000A5
:1053F0000006000007000001040001040001040091
:105400000307FFFE07FFFC04000004000004000087
:1054100004000807FFF807FFF8040C080018000054
:105420003E0004C7800503C80600F80400380400E5
:105430001800000804000807FFF807FFF804000838
:105440000000080000080000080000080000080034
:10545000001800006000000004000807FFF8078043
:105460000807FC00007FC00003F80007C0007800B8
:1054700007800807FFF807FFF80400080400080782
:10548000FFF807000803C00000E000003800001E1D
:10549000000007000001C00400F007FFF80400004E
:1054A000000000007F8001FFE00380700600180408
:1054B000000804000806001803003001FFE0007F28
:1054C0008000000004000807FFF807FFF804040844
:1054D000040400040400040400040400060C000397
:1054E000F80001F000000000000000007F8001FFD4
:1054F000E00380700600880400880400C806003CB1
:1055000003003E01FFE6007F84000000040008075E
:10551000FFF807FFF8040808040800040C00040F53
:1055200000040BC00610F003F03801E0080000088A
:1055300000000001E0F803F0300630100418080401
:105540001808040C08040C080206180207F007816A
:10555000E0000000018000060000040000040000DC
:1055600004000807FFF807FFF8040008040000041F
:10557000000006000001800004000007FFE007FFB4
:10558000F0040018000008000008000008000008EF
:1055900000000804001007FFE004000004000006FB
:1055A000000007E00007FE00041FE00001F8000013
:1055B000380001E0043E0007C000060000040000BF
:1055C00004000007E00007FFC0041FF80007C00741
:1055D000F80007FF80043FF80007C004F800070048
:1055E0000004000000000004000806001807C0784E
:1055F00005F1C8003E00001F800463E80780F8063C
:1056000000180400080000000400000600000780E5
:105610000007E008047C08001FF80007F8001808DD
:1056200004E008070000060000040000000000017C
:1056300000080600380400F80403E8040F08047C9E
:105640000805F00807C00807001804006000000003
:105650000000000000000000000000000000003F0B
:10566000FFFE200002200002200002200002200095
:105670000200000000000000000008000007000019
:1056800000C0000038000006000001C0000030002B
:10569000000E0000010000000000000000002000DB
:1056A000022000022000022000022000023FFFFE34
:1056B00000000000000000000000000000000000EA
:1056C0000000000000080000100000300000200072
:1056D0000030000010000008000000000000000082
:1056E00000000100000100000100000100000100B5
:1056F00000010000010000010000010000010000A5
:105700000100000100000000000000000020000077
:105710002000001000001000000000000000000049
:1057200000000000000000000000000000F0001970
:10573000F8001B1800220800260800240800241086
:10574000003FF8001FF800000800001800000004E7
:10575000000007FFF80FFFF00018180010080020E5
:1057600008002008003018001FF0000FC0000000E3
:105770000000000007C0001FF000183000200800E3
:105780002008002008003C08001C100000600000F9
:10579000000000000000000007C0001FF0003818E3
:1057A00000200800200800200804101007FFF80F50
:1057B000FFF00000100000000000000000000007E3
:1057C000C0001FF00012300022180022080022083A
:1057D000003208001E10000E200000000000000033
:1057E000200000200800200801FFF803FFF8062031
:1057F000080420080420080720000300000000001F
:1058000000000000000E000E6E001FF30031B1001A
:1058100020B10020B1003191001F13002E1E002086
:105820000E00300000000004000807FFF80FFFF82A
:10583000001008002000002000002008003FF800B1
:105840001FF8000008000000000000000000002019
:1058500008002008002008063FF8063FF80000086E
:105860000000080000080000000000000000000028
:1058700000000000030000030020010020010020C0
:1058800003063FFE063FFC00000000000000000091
:1058900000000004000807FFF80FFFF8000188006F
:1058A0000300002FC00038F8002038002008000056
:1058B00008000000000000000000040008040008C8
:1058C00004000807FFF80FFFF800000800000800B8
:1058D0000008000000000000002008003FF8003F22
:1058E000F8001008002000003FF8003FF800100802
:1058F000002000003FF8003FF80000080000000012
:105900002008003FF8003FF80010080010000020B9
:1059100000002008003FF8001FF800000800000009
:105920000000000007C0000FF00018300030080031
:105930002008002008003008001830000FF0000791
:10594000C0000000000000002001003FFF003FFFFA
:105950000010110020090020080020080030380045
:105960001FF0000FC00000000000000007C0001F73
:10597000F00038180020080020080020090010114D
:10598000001FFF003FFF0000010000000020080092
:105990002008002008003FF8003FF8000808001029
:1059A0000800200800200000300000300000000047
:1059B000000000000000000C78001E1800330800F2
:1059C00023080021080021880021980030F00038C9
:1059D0006000000000000000200000200000200007
:1059E00000FFF003FFF80020080020080020080056
:1059F0000030000000000000000000002000003F18
:105A0000F0007FF8000018000008000008002010D7
:105A1000003FF8007FF000001000000000000000D0
:105A20002000003000003C00003F800023F0000018
:105A300078000070002380003C000030000020004F
:105A4000002000003C00003FE00023F80000E000E0
:105A50002700003E00003FE00021F80001E0003E8A
:105A60000000200000000000200800200800383856
:105A7000003E680027800003C8002CF8003838007A
:105A80002018002008000000000000002000003066
:105A900003003C01003F830023EC000070002380E2
:105AA000003C00002000002000000000000000007A
:105AB00000000038080020380020F80023E8002FFC
:105AC00088003E0800380800201800007000000020
:105AD00000000000000000000000000000000000C6
:105AE00008000014001FF7FC300006200002000030
:105AF00000000000000000000000000000000000A6
:105B0000000000000000FFFFFF0000000000000098
:105B10000000000000000000000000000000200065
:105B2000023000061FF7FC0014000008000000000F
:105B3000000000000000000000000000000000184D
:105B40000000600000400000400000200000100045
:105B5000000800000400000400000C000010000019
:105B60000000000000000000000000000000000035
:105B70000000000000000000000000000000000025
:105B80000000000000000000000000000000000015
:105B90000000000000000000000000000000000005
:105BA00000000000000000000000000000000000F5
:105BB000000000000000000003F0006003FFF8F0A8
:105BC00003FFF8F003F80060000000000000000090
:105BD00000000000000000000000000000000000C5
:105BE000000000000000000000C000000180000074
:105BF000070000001E0000003C00000038C000004C
:105C000001800000070000001E0000003C000000B2
:105C1000380000000000000000000000000000004C
:105C200000000000001C0E00001C0E00001C0FF005
:105C3000001FFF0003FC0E00001C0E00001C0E00E5
:105C4000001C0E00001C0E00001C0FF0001FFF00C7
:105C500003FC0E00001C0E00001C0E0000000000E3
:105C60000000000000000000000003C0007803E016
:105C700001FE0320010F0010020380100FFFFFFE42
:105C80000200E0100200E0300130786001F03FC017
:105C900000F00F8000000000000000000000000085
:105CA000007E000001FF80000300C00002004030C1
:105CB0000300C1C001FF8600007E38000000C00064
:105CC00000071F8000387FE000C0C0300300801054
:105CD0000000C03000007FE000001F8000000000D6
:105CE00000001F8000003FC000FEC06001FFC03008
:105CF0000303F01002017C1002061E1003FC07A033
:105D000000F001C0000081E000008E700000F03063
:105D10000000803000008060000000C00000000033
:105D2000000000000040000038C000003880000083
:105D30003F0000001E000000000000000000000006
:105D40000000000000000000000000000000000053
:105D50000000000000000000000000000000000043
:105D60000000000000000000000000000000000033
:105D7000000000000000000000000000000FF8001C
:105D8000003FFE0000F00780038000E006000030C6
:105D90000C000018100000042000000200000000A9
:105DA0000000000020000002100000040C00001899
:105DB00006000030038000E000F00780003FFF0095
:105DC000000FF800000000000000000000000000CC
:105DD00000000000000000000000000000000000C3
:105DE000000000000000000000181800001C38002F
:105DF000000C3000000660000002400000618F00CF
:105E000000FFFF0000F18700000240000006600074
:105E1000000C3000001C38000018180000000000C2
:105E20000000000000000000000080000000800072
:105E30000000800000008000000080000000800062
:105E4000007FFF0000008000000080000000800054
:105E500000008000000080000000800000000000C2
:105E60000000000000000001000000E3000000E26C
:105E7000000000FC000000780000000000000000AE
:105E80000000000000000000000000000000000012
:105E90000000000000000000000000000000000002
:105EA0000000000000008000000080000000800072
:105EB00000008000000080000000800000008000E2
:105EC00000008000000080000000800000008000D2
:105ED0000000800000008000000080000000000042
:105EE000000000000000000000000060000000F062
:105EF000000000F000000060000000000000000052
:105F00000000000000000000000000000000000091
:105F10000000000000000000000000000000000081
:105F2000000000000000000C00000038000000E04D
:105F30000000038000000E00000038000000E000B8
:105F400000038000000E00000038000000E00000A8
:105F5000038000000E000000180000000000000098
:105F60000000000000000000000FFC00007FFF8028
:105F700000F003C001800060030000300200001048
:105F800002000010020000100180006000E001C06B
:105F9000007FFF80000FFC000000000000000000F8
:105FA0000000000000000000000000000080001061
:105FB00000800010008000100080003001FFFFF022
:105FC00003FFFFF000000030000000100000001090
:105FD00000000010000000000000000000000000B1
:105FE000000000000000000000780070009800B081
:105FF000010001300200023002000C3002001830B3
:1060000002003030020060300300C0300183803075
:1060100001FF0070007C03C00000000000000000D1
:10602000000000000000000000F003C001F003E0E9
:106030000100002002000010020080100200801009
:10604000020080100301C0100183402000FE606048
:10605000007C3FC000000F000000000000000000B6
:106060000000000000000C0000003400000064008C
:106070000001840000060400000804100030041031
:1060800000C0041003FFFFF003FFFFF00000041046
:1060900000000410000004100000000000000000D8
:1060A0000000000000000000000003C000FFC3204B
:1060B00003008020030100100302001003020010FF
:1060C000030200100302001003030020030180E01C
:1060D0000300FFC003003F000000000000000000BC
:1060E00000000000000000000007FE00003FFF80ED
:1060F00000E0C1E0018100600103003002020010F5
:1061000002020010020200100203003001C1806090
:1061100001C0FFC000003F000000000000000000C0
:1061200000000000000000000070000003C000003C
:106130000300000003000000030003F003003FF031
:106140000300C00003070000031800000360000004
:1061500003800000030000000000000000000000B9
:106160000000000000000F80007C3FC000FE706057
:10617000018F402003038010020380100201801071
:106180000200C0100200E01003017020018278605C
:1061900000FE3FC000780F800000000000000000FB
:1061A00000000000003F800000FFC0E001C0E0E010
:1061B0000100301002001010020010100200101038
:1061C0000200103002002060010060C000C0878023
:1061D000007FFE00001FF80000000000000000002B
:1061E00000000000000000000000000000000000AF
:1061F000000000000000000000030060000780F0C5
:10620000000780F0000300600000000000000000B4
:10621000000000000000000000000000000000007E
:10622000000000000000000000000000000000006E
:106230000000000000000000000380760003807E64
:106240000003807800000000000000000000000053
:10625000000000000000000000000000000000003E
:106260000000000000000000000000000000C0006E
:1062700000012000000210000004080000080400D3
:10628000001002000020010000400080008000405B
:1062900001000020020000100000000000000000CB
:1062A00000000000000410000004100000041000B2
:1062B000000410000004100000041000000410008E
:1062C000000410000004100000041000000410007E
:1062D0000004100000041000000410000000000082
:1062E000000000000000000002000010010000207B
:1062F00000800040004000800020010000100200EB
:106300000008040000040800000210000001200042
:106310000000C000000000000000000000000000BD
:106320000000000000000000003C000000FC000035
:10633000019C00000100000002000060020000F06B
:1063400002007CF00200C0600200800001018000B9
:106350000183000000FE0000007C0000000000003F
:10636000000000000007F800003FFF00007003C0BD
:1063700000C000600181FC200307FE10021E021015
:106380000230041002203C10021FFE10013C0220CB
:1063900000800460006018C0001FE10000000000E1
:1063A0000000001000000030000001F000003E106E
:1063B0000003F010003E100003C0100003C01000E6
:1063C00003FC1000003FD0000001FE1000001FF091
:1063D000000001F00000003000000010000000008C
:1063E00000000000020000100200001003FFFFF098
:1063F00003FFFFF0020080100200801002008010F6
:1064000002008010020080100301801001834030E0
:1064100001FE6060007C3FC000000F8000000000B3
:10642000000000000007FC00003FFF00007803C0F0
:1064300000C00060010000200300001002000010F6
:1064400002000010020000100200001001000020F5
:106450000180004001C000800070030000000000C7
:1064600000000000020000100200001003FFFFF017
:1064700003FFFFF0020000100200001002000010F5
:10648000020000100300003001000020018000C065
:1064900000F003C0003FFF00000FF8000000000004
:1064A00000000000020000100200001003FFFFF0D7
:1064B00003FFFFF002008010020080100200801035
:1064C00002008010020080100201C0100207F010CC
:1064D00003000030038000700060018000000000B5
:1064E00000000000020000100200001003FFFFF097
:1064F00003FFFFF002008010020080100200800005
:1065000002008000020080000201C0000307F800C2
:106510000300000003800000006000000000000095
:10652000000000000007F800003FFF00007003C0FB
:1065300001C00060010000300200001002000010E5
:1065400002000010020020100100202001C03FC006
:1065500000703FC00000200000002000000000008C
:10656000020000100200001003FFFFF003FFFFF025
:1065700002008010020080100000800000008000F7
:1065800000008000000080000200801002008010E7
:1065900003FFFFF003FFFFF00200001002000010F5
:1065A00000000000000000000000000002000010D9
:1065B00002000010020000100200001003FFFFF0B4
:1065C00003FFFFF0020000100200001002000010A4
:1065D00002000010000000000000000000000000A9
:1065E000000000000000000E0000000F0000000F7F
:1065F000000000010200000102000001020000038F
:106600000200000603FFFFFC03FFFFF8020000008A
:106610000200000002000000020000000000000074
:1066200000000000020000100200001003FFFFF055
:1066300003FFFFF00200C010020100100007C000BD
:106640000018F00002603C0003C00F90030003F04C
:1066500002000070020000100000001000000000A6
:1066600000000000020000100200001003FFFFF015
:1066700003FFFFF0020000100200001000000010F5
:1066800000000010000000100000001000000010CA
:1066900000000030000000700000018000000000D9
:1066A000020000100200001003FFFFF003F00010D2
:1066B00001FF8000000FF80000007FC0000003F021
:1066C00000000F000001F000001E001001E00010AB
:1066D00003FFFFF003FFFFF00200001002000010B4
:1066E000020000100200001003FFFFF00380001002
:1066F00001E0001000780000001E0000000780008C
:106700000001E0000000780000001E000200078089
:10671000020001E003FFFFF00200000002000000A1
:1067200000000000000FF800003FFF0000F003C071
:106730000180006001000020020000100200001033
:106740000200001002000010010000200180006023
:1067500000F003C0003FFF000007FC000000000045
:1067600000000000020000100200001003FFFFF014
:1067700003FFFFF002004010020040100200400042
:1067800002004000020040000200400003008000C0
:106790000181800000FF0000007E0000000000007A
:1067A00000000000000FFC00003FFF8000F001C06F
:1067B000018001E00100022002000210020002102C
:1067C00002000310020001F0010000FC0180006ED5
:1067D00000F001C6003FFF86000FFC08000000002B
:1067E00000000000020000100200001003FFFFF094
:1067F00003FFFFF002008010020080100200800002
:106800000200E0000200FC0003019F80018303F00E
:1068100001FE0070007C001000000010000000006D
:1068200000000000007C070000FE01F0018700600E
:106830000303002002038010020180100201C01037
:106840000200C0100300E0100100603001C0786059
:1068500003F03FC000000F800000000000000000B7
:106860000000000000600000038000000300000042
:1068700002000000020000100200001003FFFFF001
:1068800003FFFFF0020000100200001002000000F1
:10689000020000000380000000E000000000000093
:1068A000020000000200000003FFFF8003FFFFE082
:1068B0000200006002000030000000100000001024
:1068C0000000001000000010020000200200004044
:1068D00003FFFF8002000000020000000000000033
:1068E00000000000020000000200000003E00000C1
:1068F00003FF0000021FF0000000FF0000000FF087
:10690000000001C000001E000001E000021E0000A7
:1069100003E000000300000002000000000000008F
:10692000020000000380000003FF0000021FFC00C3
:1069300000003FF0000007C00200780003CF800095
:1069400003FF8000021FFF0000003FF000000F80E7
:106950000203F00003FC000003000000020000003E
:106960000000000002000010020000100380007010
:1069700003E001D002780610001E18000007E000B6
:106980000003F000000C3E0002300F9002C003F044
:106990000300007002000030020000100000000040
:1069A00000000000020000000300000003C000001F
:1069B00003F80000023E00100207C0100001FFF0C3
:1069C00000007FF000018010020E00100270000035
:1069D0000380000002000000020000000000000030
:1069E00000000000000000100060007003C001F013
:1069F0000380039003000E1002003C100200F01010
:106A00000203C010020F0010021C001002700030C0
:106A100003E00030038000F002000180000000006D
:106A20000000000000000000000000000000000066
:106A300000000000000000001FFFFFFC1FFFFFFC24
:106A400010000004100000041000000410000004F6
:106A5000100000041000000400000000000000000E
:106A60000000000000000000000000000600000020
:106A70000780000000F00000003C000000078000DC
:106A80000001E00000003C0000000F80000003E077
:106A90000000007C0000001E00000002000000005A
:106AA00000000000000000001000000410000004BE
:106AB0001000000410000004100000041000000486
:106AC0001FFFFFFC1FFFFFFC000000000000000094
:106AD00000000000000000000000000000000000B6
:106AE00000000000000000000000000000000000A6
:106AF0000400000008000000380000003000000022
:106B00003000000030000000180000000400000009
:106B10000000000000000000000000000000000075
:106B20000000000100000001000000010000000161
:106B30000000000100000001000000010000000151
:106B40000000000100000001000000010000000141
:106B50000000000100000001000000010000000131
:106B60000000000000000000000000002000000005
:106B70002000000020000000300000001000000095
:106B800008000000000000000000000000000000FD
:106B900000000000000000000000000000000000F5
:106BA00000000000000003C00001C7E00003CC307B
:106BB0000002081000041810000410100004101047
:106BC0000004101000041020000620200003FFE045
:106BD0000001FFF000000010000000100000006045
:106BE00000000000020000000200000003FFFFF0B0
:106BF00007FFFFE0000180600002001000040010A9
:106C000000040010000400100006003000030060C3
:106C10000003FFC00000FF000000000000000000B3
:106C2000000000000000000000007F000000FFC026
:106C3000000380E0000300200006001000040010A4
:106C40000004001000040010000400100003C02025
:106C50000001C040000001800000000000000000B2
:106C6000000000000000000000007F000001FFC0E5
:106C700000038060000600300004001000040010D3
:106C800000040010020400200202004003FFFFF095
:106C900007FFFFE0000000200000002000000000CF
:106CA000000000000000000000007F000000FFC0A6
:106CB000000388E0000208200004083000040810E7
:106CC0000004081000040810000208100003082047
:106CD0000001F86000007880000000000000000063
:106CE000000000000000000000040000000400108C
:106CF0000004001000040010007FFFF001FFFFF00F
:106D0000010400100204001002040010020400102C
:106D10000204000003C0000001C0000000000000E9
:106D200000000000000000000000001C0000E3BEA6
:106D30000003FFE200020CC1000404C1000404C10E
:106D4000000404C1000404C100060C410003F86201
:106D50000005F07E0006003C000600000000000078
:106D600000000000020000100200001003FFFFF00E
:106D700007FFFFF0000100100002001000040000F7
:106D80000004000000040010000600100003FFF0E3
:106D90000001FFF0000000100000001000000000E3
:106DA00000000000000000000000000000040010CF
:106DB0000004001000040010010400100387FFF01D
:106DC000038FFFF001000010000000100000001011
:106DD00000000010000000000000000000000000A3
:106DE000000000000000000000000000000000069D
:106DF0000000000700000001000400010004000181
:106E000000040001010400060387FFFC038FFFF864
:106E1000030000000000000000000000000000006F
:106E200000000000020000100200001003FFFFF04D
:106E300007FFFFF000000C100000181000003000E9
:106E400000007C0000048E0000070390000601F0A3
:106E5000000400700004003000000010000000007A
:106E60000000000000000000000000000200001010
:106E700002000010020000100200001003FFFFF0EB
:106E800007FFFFF0000000100000001000000010DD
:106E900000000010000000000000000000000000E2
:106EA000000400100007FFF0000FFFF000020010C8
:106EB0000004000000040000000400100007FFF0C0
:106EC0000003FFF0000200100004000000040000B6
:106ED000000400100007FFF00003FFF000000010A6
:106EE0000000000000020010000200100003FFF08C
:106EF0000007FFF000010010000200100004000075
:106F00000004000000040010000600100003FFF061
:106F10000001FFF000000010000000100000000061
:106F2000000000000000000000003F000000FFC063
:106F3000000380E0000200200004001000040010A4
:106F4000000400100004001000020020000380E094
:106F50000001FFC000007F000000000000000000F2
:106F60000000000000020001000200010003FFFF1A
:106F70000007FFFF00010061000200210004001073
:106F8000000400100004001000060030000300E0C0
:106F90000001FFC000007F000000000000000000B2
:106FA000000000000000000000007F000001FFC0A2
:106FB0000003806000020030000400100004001094
:106FC0000004001000060021000300610003FFFF21
:106FD0000007FFFF000000010000000100000000AA
:106FE000000000000002001000020010000200106B
:106FF000000200100007FFF00007FFF00000C010C3
:1070000000018010000200100002001000040000C7
:107010000004000000070000000300000000000062
:10702000000000000000000000000000000001F06F
:107030000001E0600003F02000063010000418108A
:107040000004181000041C1000040C1000020E3084
:10705000000307E00007C3C00000000000000000BC
:107060000000000000000000000400000004000018
:1070700000040000000C0000001FFFC000FFFFE044
:107080000004003000040010000400100004001090
:1070900000040020000000C000000000000000000C
:1070A0000000000000040000000400000007FFC012
:1070B000000FFFE000000030000000100000001092
:1070C0000000001000040020000400400007FFF052
:1070D000000FFFE000000020000000200000000082
:1070E0000000000000040000000400000007800011
:1070F0000007E00000047C0000000F80000003F0A7
:10710000000000E00000038000041C000004E00018
:1071100000078000000600000004000000000000DE
:1071200000040000000600000007E0000004FE006C
:1071300000040FE0000001F000040F000007F00061
:107140000007F80000043F80000003F0000003C0C7
:1071500000043C000007C00000060000000400001E
:1071600000000000000000100004001000040030C7
:1071700000070070000781900005E20000007C001D
:1071800000001C000004671000048390000700F05A
:107190000004007000040010000000100000000057
:1071A00000000000000400000004000300070003CA
:1071B0000007C0030004780300001E06000003F867
:1071C000000000C000000700000438000007C000F5
:1071D00000060000000400000004000000000000A1
:1071E00000000000000000000007C0300007007031
:1071F000000401D00004039000040F1000041C10D0
:10720000000478100004E0100007C01000070030F0
:1072100000060070000001C0000000000000000037
:10722000000000000000000000000000000000005E
:1072300000000000000000000000000000008000CE
:1072400000018000000140000FFE3FF81000000424
:1072500020000002200000020000000000000000EA
:10726000000000000000000000000000000000001E
:10727000000000000000000000000000000000000E
:10728000FFFFFFFF00000000000000000000000002
:1072900000000000000000000000000000000000EE
:1072A00000000000000000000000000020000002BC
:1072B00020000002100000040FFE3FF80001400013
:1072C00000018000000080000000000000000000BD
:1072D00000000000000000000000000000000000AE
:1072E0000000000018000000200000004000000026
:1072F000400000004000000060000000300000007E
:107300001C00000004000000060000000200000055
:10731000020000000400000018000000000000004F
:10732000000000000000000000000000000000005D
:10733000000000000000000000000000000000004D
:10734000000000000000000000000000000000003D
:10735000000000000000000000000000000000002D
:10736000000000000000000000000000000000001D
:10737000000000000000000000000000000000000D
:1073800000000000000000000000000000000000FD
:1073900000000000000000000000000000000000ED
:1073A00000000000000000000000000000000000DD
:1073B00000000000000000000000000000000000CD
:1073C00000000000000000000000000000000000BD
:1073D00000000000000000000000000000000000AD
:1073E00000000000000000000000070000FF800017
:1073F0000F8001FFFFFC0F8001FFE0000F80000005
:107400000000070000000000000000000000000075
:10741000000000000000000000000000000000006C
:10742000000000000000000000000000000000005C
:10743000000000000000000000000000000000004C
:10744000000000000000000000000000000000003C
:107450000000000600000000001C00000000007892
:107460000000000001F00000000007E00000000044
:107470000FC0000000001F80000000001F0000007F
:1074800000000E0600000000001C00000000007854
:107490000000000001F00000000007E00000000014
:1074A0000FC0000000001F80000000001F0000004F
:1074B00000000E00000000000000000000000000BE
:1074C00000000000000000000000000000000000BC
:1074D0000000000000000000000000000000F007B5
:1074E00080000000F00780000000F007800000002E
:1074F000F007FF800000FFFFFF8000FFFFE7800034
:1075000000E0F00780000000F00780000000F007B6
:1075100080000000F00780000000F00780000000FD
:10752000F00780000000F00780000000F007FF80F7
:107530000000FFFFFF8000FFFFE7800000E0F00792
:1075400080000000F00780000000F00780000000CD
:10755000F0078000000000000000000000000000B4
:10756000000000000000000000000000000000001B
:10757000000000000000F0000007C001FC00001F38
:10758000F001FE00003FF801E30000707C00010004
:1075900000403E00008000C01F00008000800F807F
:1075A000008007FFFFFFFFFC07FFFFFFFFFC0080DD
:1075B00003E00080008001F0018000C000F80100BD
:1075C0000063807E0700007F803FFE00003F801F39
:1075D000FC00000F0007F0000000000000000000A9
:1075E000000000000000000000000000000000009B
:1075F000000000000000000FF8000000003FFE0047
:10760000000000600700000000C001800000008052
:107610000080018000800080070000800180380029
:1076200000600300E000003FFE070000000FF83C90
:107630000000000000E000000000078000000000E3
:107640001C07F8000000F03FFE00000380700300FC
:10765000001E00C0018000700080008000C000801B
:107660000080000000C001800000007003000000E6
:10767000003FFE0000000007F800000000000000CE
:1076800000000000000000000007F0000000003FC4
:10769000FC000000007FFE00000FF0E01F00003F34
:1076A000FF000780007FFFC0038000E01FF801801B
:1076B000008003FE018000800C7F018000C03C1F21
:1076C000C10000FFF807E300007FE001FE00001F9B
:1076D00081007C00000001003E0000000101EF007D
:1076E000000001FF8700000001F803800000018016
:1076F0000180000001000180000001000100000085
:1077000000000700000000000C0000000000000066
:107710000000000000000000000000000002000067
:1077200000000E06000000001F0C000000001F1CDF
:10773000000000001FF8000000000FE00000000043
:1077400007C0000000000000000000000000000072
:107750000000000000000000000000000000000029
:107760000000000000000000000000000000000019
:107770000000000000000000000000000000000009
:1077800000000000000000000000000000000000F9
:1077900000000000000000000000000000000000E9
:1077A00000000000000000000000000000000000D9
:1077B00000000000000000000000000000000000C9
:1077C00000000000000000000000000000000000B9
:1077D00000000000000000000000000000003FF872
:1077E00000000001FFFF0000000FC007E000003EA6
:1077F00000007800007000001C0001C000000700BD
:107800000300000001800600000000C00C00000022
:107810000060180000000030200000000008000098
:107820000000000000000000000000000000000058
:107830000000000000000000000000000000000048
:1078400000002000000000081800000000300C00BC
:10785000000000600600000000C00300000001807E
:1078600001C000000700007000001C00003E000086
:107870007800000FC007E0000001FFFF00000000DB
:107880003FF80000000000000000000000000000C1
:1078900000000000000000000000000000000000E8
:1078A00000000000000000000000000000000000D8
:1078B00000000000000000000000000000000000C8
:1078C0000000000000000000300E00000000781EE4
:1078D00000000000781E000000003C3C000000009A
:1078E0003C3C000000001C38000000000E7000004E
:1078F000000006600000000002400000000FE18769
:10790000F000000FFFFFF000000FE187F000000023
:107910000240000000000660000000000E70000041
:1079200000001C38000000003C3C000000007C3CD3
:1079300000000000781E00000000781E000000001B
:10794000300E0000000000000000000000000000F9
:1079500000000000000000000000000000000180A6
:107960000000000001800000000001800000000015
:107970000180000000000180000000000180000084
:107980000000018000000000018000000000018074
:107990000000000FFFFFF000000FFFFFF0000000ED
:1079A0000180000000000180000000000180000054
:1079B0000000018000000000018000000000018044
:1079C00000000000018000000000018000000000B5
:1079D0000180000000000000000000000000000026
:1079E0000000000000000000000000000000000097
:1079F0000002000000000E06000000001F0C000046
:107A000000001F1C000000001FF8000000000FE035
:107A10000000000007C0000000000000000000009F
:107A20000000000000000000000000000000000056
:107A30000000000000000000000000000000000046
:107A40000000000000000000000000000000000036
:107A50000000000000000000000000000000000026
:107A60000000000000000000000000000000000016
:107A70000000000000000000000000000000018085
:107A800000000000018000000000018000000000F4
:107A90000180000000000180000000000180000063
:107AA0000000018000000000018000000000018053
:107AB00000000000018000000000018000000000C4
:107AC0000180000000000180000000000180000033
:107AD0000000018000000000018000000000018023
:107AE0000000000001800000000001800000000094
:107AF0000180000000000000000000000000000005
:107B00000000000000000000000000000000000075
:107B10000000000000000F00000000001F800000B7
:107B200000001F80000000001F80000000001F8078
:107B3000000000000F000000000000000000000036
:107B40000000000000000000000000000000000035
:107B50000000000000000000000000000000000025
:107B60000000000000000000000000000000000015
:107B70000000000000000000000000000000000005
:107B800000000000000000000000000000000000F5
:107B900000000000000000000000000000000000E5
:107BA00000180000000000700000000001C000008C
:107BB00000000700000000001C0000000000600042
:107BC0000000000380000000000E000000000038EC
:107BD0000000000000E00000000003800000000042
:107BE0000E0000000000380000000000E00000006F
:107BF000000300000000001C0000000000700000F6
:107C0000000001C0000000000700000000000C00A0
:107C10000000000000000000000000000000000064
:107C200000000000000000000000000000001FFC39
:107C300000000001FFFFC0000007FFFFF000000F81
:107C4000C001F800003C00001E00007000000600AB
:107C500000600000030000C0000001800080000000
:107C60000080008000000080008000000080008014
:107C70000000008000C00000018000400000010002
:107C8000007000000700003C00001E00001FC00143
:107C9000FC000007FFFFF0000001FFFFC000000034
:107CA0003FFC000000000000000000000000000099
:107CB00000000000000000000000000000000000C4
:107CC00000000000000000000000000000000000B4
:107CD0000000000000100000008000100000008084
:107CE0000010000000800010000000800010000064
:107CF0000180003FFFFFFF80007FFFFFFF8000FF4C
:107D0000FFFFFF80000000000180000000000080F5
:107D10000000000000800000000000800000000063
:107D200000800000000000000000000000000000D3
:107D30000000000000000000000000000000000043
:107D40000000000000000000000000000000000033
:107D500007800007C0000F80001FE0001F80003F69
:107D6000E0007B800020E000E38000400001C38051
:107D70000040000383800080000703800080000E25
:107D800003800080001C0380008000380380008096
:107D90000070038000C000E0038000C001C00380C9
:107DA00000600780038000781F000780003FFE000E
:107DB0000780001FF8001F800007E000700000002F
:107DC00000000000000000000000000000000000B3
:107DD00000000000000000000000000000000000A3
:107DE0000000000000007800000F0000FC00001FF1
:107DF0008000FE00002380007300004000000100AE
:107E00000040000000800080010000800080010030
:107E10000080008001000080008001000080008060
:107E20000380008000C002800180006006C0010065
:107E300000781C600300003FF8700E00001FF03F48
:107E4000FC000007C01FF80000000007E000000071
:107E50000000000000000000000000000000000022
:107E6000000000000000000000000000000000060C
:107E700000000000001E00000000003A00000000AA
:107E800000E2000000000382000000000602000083
:107E90000000180200000000700200800000C00214
:107EA0000080000300020080000C00020080001827
:107EB00000020180007FFFFFFF8000FFFFFFFF80C7
:107EC00000FFFFFFFF8000000002018000000002B1
:107ED000008000000002008000000002008000001E
:107EE0000002008000000000000000000000000010
:107EF0000000000000000000000000000000000082
:107F0000000000000000F0000000FFC1FC0000FFC6
:107F1000FFC1FE0000E00180E30000E0030001007B
:107F200000E00600018000E00C00008000E00C0092
:107F3000008000E00C00008000E00C00008000E009
:107F40000C00008000E00C00018000E00E00010049
:107F500000E00700070000E003E01E0000E003FF70
:107F6000FC0000E000FFF8000000003FC00000003F
:107F70000000000000000000000000000000000001
:107F800000000000000000000000000000000FFFE3
:107F900000000000FFFFE0000003FFFFF800000FFB
:107FA000C0E07C00001C01800E00003003000700D0
:107FB00000600600030000400600018000400C0045
:107FC000008000800C00008000800C000080008099
:107FD0000C00008000800C00008000800E000180FA
:107FE000008006000100007C07000300003C03C085
:107FF0001E00001C01FFFC00000000FFF800000054
:10800000003FC00000000000000000000000000071
:108010000000000000000000000000000000000060
:10802000000000070000000000FE0000000000F853
:108030000000000000F00000000000E00000000070
:1080400000E000007F0000E00007FF8000E0001F6C
:10805000FF8000E000FFFF0000E003F0000000E010
:108060000F00000000E03C00000000E0E000000025
:1080700000E38000000000E60000000000F80000BF
:10808000000000F00000000000C000000000000040
:1080900000000000000000000000000000000000E0
:1080A00000000000000000000000000000000003CD
:1080B000E0000007E00FF800001FF03FFC00003F69
:1080C000FC7C0E0000787CE0030000601EC0010014
:1080D00000400F80018000800F000080008007803A
:1080E0000080008003800080008003C0008000804A
:1080F00001C00080008003E0008000C006F00100A5
:1081000000600E78030000781C7E0E00003FF83FF0
:10811000FC00001FF00FF8000007C003E0000000A3
:10812000000000000000000000000000000000004F
:108130000000000000000000000000000001FE0040
:108140000000000FFFC00000001FFFE01E00003C09
:1081500003F01F00007000701F0000400038008016
:1081600000C00038008000800018008000800018E7
:1081700000800080001800800080001801800080CE
:1081800000300300004000300700006000600E0077
:10819000003001C03C00001E0307F800000FFFFF85
:1081A000E0000003FFFF800000007FF800000000F7
:1081B00000000000000000000000000000000000BF
:1081C00000000000000000000000000000000000AF
:1081D000000000000000000000000000000000009F
:1081E000000000000000000000000000000000008F
:1081F00000000000000000001C00070000003E001E
:108200000F8000003E000F8000003E000F80000045
:108210001C0007000000000000000000000000003B
:10822000000000000000000000000000000000004E
:10823000000000000000000000000000000000003E
:10824000000000000000000000000000000000002E
:10825000000000000000000000000000000000001E
:10826000000000000000000000000000000000000E
:1082700000000000000000000000000000000000FE
:1082800000000000000000000000000000000F00DF
:10829000078400000F0007BC00000F0007F000007B
:1082A0000F0007C0000000000000000000000000F8
:1082B00000000000000000000000000000000000BE
:1082C00000000000000000000000000000000000AE
:1082D000000000000000000000000000000000009E
:1082E000000000000000000000000000000000008E
:1082F0000000000000800000000001C0000000003D
:108300000360000000000630000000000C180000B0
:108310000000180C000000003006000000006003A0
:1083200000000000C001800000018000C0000003C8
:1083300000006000000600003000000C0000180083
:10834000001C00001C00003800000E00007000003F
:10835000070000E000000380004000000100000072
:10836000000000000000000000000000000000000D
:1083700000000000000000000000000000003018B5
:10838000000000003018000000003018000000005D
:108390003018000000003018000000003018000005
:1083A00000003018000000003018000000003018F5
:1083B000000000003018000000003018000000002D
:1083C00030180000000030180000000030180000D5
:1083D00000003018000000003018000000003018C5
:1083E00000000000301800000000301800000000FD
:1083F0003018000000000000000000000000000035
:10840000000000000000000000000000000000006C
:10841000000000400000010000E000000380007048
:1084200000000700003800000E00001C00001C00C7
:10843000000C0000180000060000300000030000DF
:10844000600000018000C0000000C001800000004A
:10845000600300000000300600000000180C00005F
:1084600000000C180000000006300000000003604F
:108470000000000001C000000000008000000000BB
:1084800000000000000000000000000000000000EC
:108490000000000000000000000000000003E000F9
:1084A0000000000FF00000000018F0000000003095
:1084B000F00000000060700000000060000000009C
:1084C00000C00000000000C00000070000C0003F26
:1084D0008F8000C0007F8F8000C000E00F8000C050
:1084E00001C0070000E003800000007007000000EA
:1084F00000780F000000003FFE000000001FFE009B
:108500000000000FFC0000000003F000000000006D
:10851000000000000000000000000000000000005B
:1085200000000000000000000000000000001FFC30
:1085300000000000FFFF80000003FFFFF000000FBD
:10854000C003F800001C00003C00003800000E00D2
:10855000006000FE070000400FFF830000C03FFFE7
:10856000C3800080FC00C1800081E000C1800083E6
:1085700080018180008200060180008201FF8180ED
:108580000041FFFFC3000063FF80C3000023C00061
:10859000C700001800038600000F001F0C00000732
:1085A000FFFC38000000FFE0200000000000000099
:1085B00000000000008000000000008000000000BB
:1085C0000380000000003F8000000003FF800000E7
:1085D000003F0080000003F0008000003F1000001A
:1085E0000003F0100000003F0010000000F8001031
:1085F000000000F80010000000FF80100000003FA5
:10860000F81000000001FFD0000000001FFC0080F7
:10861000000001FFE0800000001FFF80000000015B
:10862000FF80000000001F800000000001800000AB
:10863000000000800000000000800000000000003A
:1086400000000000000000800000008000800000AA
:10865000008000800000008000FFFFFFFF8000FF1F
:10866000FFFFFF8000FFFFFFFF8000800100008010
:108670000080010000800080010000800080010077
:1086800000800080010000800080010000800080E8
:108690000100008000C00300008000C00280018053
:1086A00000600680010000701CE00300003FFC78C1
:1086B0000E00001FF83FFE00000FE01FFC0000004E
:1086C0000007F000000000000000000000000000B3
:1086D00000000000000000000000000000001FFE7D
:1086E00000000000FFFFC0000003FFFFF000000FCC
:1086F000C001FC00001E00003E00003800000E001B
:1087000000600000070000400000030000C00000FF
:108710000180008000000180008000000180008056
:1087200000000180008000000180008000000180C6
:108730000040000003000040000006000060000050
:108740000E00007800001800007E0000700000039A
:108750000001800000000000000000000000000098
:108760000000000000000080000000800080000089
:10877000008000800000008000FFFFFFFF8000FFFE
:10878000FFFFFF8000FFFFFFFF8000C000000080B0
:108790000080000000800080000000800080000059
:1087A0000080008000000080008000000180004008
:1087B000000001000040000003000060000007000E
:1087C000003000000E00001C00001C00000FC00163
:1087D000F8000007FFFFF0000001FFFFC0000000ED
:1087E0003FFC00000000000000000000000000004E
:1087F00000000000000000800000008000800000F9
:10880000008000800000008000FFFFFFFF8000FF6D
:10881000FFFFFF8000FFFFFFFF800080010000805E
:1088200000800100008000800100008000800100C5
:108830000080008001000080008001000080008036
:1088400001000080008001800080008003C0008063
:1088500000C03FF8018000E00000018000F000004F
:108860000380003C00000780000600001E0000009E
:108870000000600000000000000000000000000098
:108880000000000000000080000000800080000068
:10889000008000800000008000FFFFFFFF8000FFDD
:1088A000FFFFFF8000FFFFFFFF80008001000080CE
:1088B0000080010000800080010000800080010035
:1088C0000000008001000000008001000000008026
:1088D0000100000000800100000000800180000015
:1088E000008003C0000000C03FF8000000E000006E
:1088F000000000E00000000000F000000000003C6C
:108900000000000000060000000000000000000061
:1089100000000000000000000FFC00000000FFFF4E
:1089200080000003FFFFF000000FC003F800001EEE
:1089300000003E0000380000060000600000030058
:1089400000400000010000C0000001800080000025
:108950000080008000000080008000000080008017
:108960000000008000C000200080004000200100C6
:108970000070003003000078003FFE0000FF003F61
:10898000FE000003803FFE000000003000000000F9
:108990000020000000000020000000000000000097
:1089A0000080000000800080000000800080000047
:1089B000008000FFFFFFFF8000FFFFFFFF8000FF40
:1089C000FFFFFF8000800100008000800100008028
:1089D0000080010000800000010000000000010094
:1089E0000000000001000000000001000000000085
:1089F0000100000000800100008000800100008074
:108A000000800100008000FFFFFFFF8000FFFFFFEC
:108A1000FF8000FFFFFFFF800080000000800080DB
:108A200000000080008000000080000000000000C6
:108A30000000000000000000000000000000000036
:108A400000000000000000000000000000000080A6
:108A50000000008000800000008000800000008096
:108A60000080000000800080000000800080000086
:108A7000008000FFFFFFFF8000FFFFFFFF8000FF7F
:108A8000FFFFFF8000800000008000800000008069
:108A90000080000000800080000000800080000056
:108AA0000080008000000080000000000000000046
:108AB00000000000000000000000000000000000B6
:108AC00000000000000000000000000000000000A6
:108AD000003800000000007C00000000007C000066
:108AE0000000003E00000000000200000000000244
:108AF00000800000000200800000000200800000F2
:108B0000000200800000000400800000000C0080D3
:108B10000000003800FFFFFFFFF000FFFFFFFFE055
:108B200000FFFFFFFF8000800000000000800000C9
:108B300000000080000000000080000000000080B5
:108B400000000000008000000000000000000000A5
:108B50000000000000000080000000800080000095
:108B6000008000800000008000FFFFFFFF8000FF0A
:108B7000FFFFFF8000FFFFFFFF800080006000809C
:108B800000800180008000800300008000000F0052
:108B9000000000001FC00000000067F0000000019E
:108BA000C0FC00000083003F8000008E000FE080CA
:108BB00000F80003F88000F000007F8000E0000073
:108BC0001F8000C00000078000800000018000803E
:108BD0000000008000000000008000000000000095
:108BE0000000000000000000000000000080000005
:108BF000008000800000008000800000008000FFF6
:108C0000FFFFFF8000FFFFFFFF8000FFFFFFFF80EF
:108C100000800000008000800000008000800000D4
:108C200000800000000000800000000000800000C4
:108C300000000080000000000080000000000080B4
:108C40000000000000800000000001800000000023
:108C50000380000000000780000000001F8000006B
:108C60000000700000000000000000000000000094
:108C70000000000000000080000000800080000074
:108C8000008000FFFFFFFF8000FF0000008000FF6A
:108C9000F0000080001FFF8000000000FFF80000CF
:108CA00000000FFFC0000000007FFC000000000774
:108CB000FF80000000007F0000000007E0000000CF
:108CC000007E0000000007C000000000FC000080E3
:108CD000000F8000008000F00000008000FFFFFF18
:108CE000FF8000FFFFFFFF8000FFFFFFFF8000808D
:108CF00000000080008000000080000000000000F4
:108D000000000000000000800000008000800000E3
:108D1000008000800000008000FFFFFFFF8000F85F
:108D20000000008000FE00000080003F8000008006
:108D3000000FE00000000003F80000000000FE004B
:108D4000000000001F800000000007E0000000009D
:108D500001F800000000007F00000000001FC000BC
:108D600000800007F00000800001FC00008000008F
:108D70007F0000FFFFFFFF800080000000000080F8
:108D80000000000000800000000000000000000063
:108D900000000000000000000000000000001FFCB8
:108DA00000000001FFFF80000007FFFFF000000F40
:108DB000C001F800001C00001C000030000006008C
:108DC000006000000300004000000100008000007F
:108DD0000080008000000080008000000080008093
:108DE00000000080008000000080004000000100C2
:108DF000004000000300003000000600001C0000DE
:108E00001C00000FC000F8000007FFFFF00000008A
:108E1000FFFFC00000001FFC000000000000000079
:108E200000000000000000800000008000800000C2
:108E3000008000800000008000FFFFFFFF8000FF37
:108E4000FFFFFF8000FFFFFFFF80008000800080A9
:108E50000080008000800080008000800080008012
:108E60000000008000800000008000800000008082
:108E70000080000000800080000000C00180000031
:108E800000400100000000600300000000380E00F8
:108E90000000003FFE000000001FF8000000000777
:108EA000F0000000000000000000000000000000D2
:108EB00000000000000000000000000000001FFE95
:108EC00000000001FFFFC0000007FFFFF000001FCF
:108ED0008000FC00003C00003E0000700000F70035
:108EE00000400001C10000C000018180008000013D
:108EF000808000800001808000800001E080008090
:108F00000000FC8000C000007FC0004000001FF097
:108F10000060000003F8003800000E78001F800099
:108F20007C380007FFFFF0300001FFFFE060000029
:108F30003FFE0000000000000000000000000000F4
:108F400000000000000000800000008000800000A1
:108F5000008000800000008000FFFFFFFF8000FF16
:108F6000FFFFFF8000FFFFFFFF8000800100008007
:108F7000008001000080008001000080008001006E
:108F80000000008001000000008001E0000000807F
:108F900001FC000000C0037F000000C0031FE000D0
:108FA00000600603FC0000781E00FF00003FFC008C
:108FB0001F80001FF8000780000FE0000180000004
:108FC00000000080000000000080000000000000A1
:108FD0000000000000000000000000000007E000AA
:108FE000E000000FF8007F80003FFC000F00003819
:108FF0003C00070000601E00030000400F0001005D
:1090000000800F0001000080078000800080078042
:109010000080008003800080008003C0008000800A
:1090200001E0008000C001E00080004000F001008D
:109030000060007803000078007C0E00007E003F96
:10904000FE00001F001FF80000000007E000000005
:109050000000000000000000000000000000000010
:10906000000000000000000600000000007C00007E
:10907000000000F00000000000C0000000000080C0
:109080000000000000800000000000800000008060
:1090900000800000008000800000008000FFFFFFD3
:1090A000FF8000FFFFFFFF8000FFFFFFFF800080C9
:1090B0000000008000800000008000800000008030
:1090C00000800000000000800000000000C00000E0
:1090D000000000E00000000000FC000000000006AE
:1090E0000000000000000000000000000000000080
:1090F00000800000000000800000000000800000F0
:10910000000000FFFFFFF00000FFFFFFFC0000FF7A
:10911000FFFFFE0000800000070000800000030049
:1091200000800000018000000000008000000000BE
:1091300000800000000000800000000000800000AF
:10914000000000800000000000800000000001001E
:109150000080000002000080000006000080000087
:109160000C0000FFFFFFF000008000000000008006
:10917000000000000080000000000000000000006F
:1091800000000000000000800000000000800000DF
:10919000000000C00000000000FC0000000000FF14
:1091A000C000000000FFFC0000000087FFC00000BE
:1091B00000803FFE0000000003FFE0000000003FD1
:1091C000FE0000000003FF80000000003E000000E1
:1091D0000001F0000000001F0000000001F000008E
:1091E00000801F0000000081F000000000FF8000F0
:1091F000000000F80000000000C000000000008037
:1092000000000000008000000000000000000000DE
:1092100000800000000000800000000000FC000052
:10922000000000FFF800000000FFFFE000000080E9
:10923000FFFFC000008001FFFF0000000003FF806F
:1092400000000003F8000080007F000000800FE0B5
:10925000000000FFFC00000000FFFE00000000FF17
:10926000FFF8000000807FFFF000000000FFFF809B
:1092700000000001FF800000001FE000008003F8F4
:1092800000000080FE00000000FFC000000000F0B1
:1092900000000000008000000000008000000000CE
:1092A00000000000000000000000008000800000BE
:1092B000008000800000018000E00000038000F8D2
:1092C00000000F8000FE00003C80009F8000E080D6
:1092D0000087F00780000001FC1E000000007F787E
:1092E000000000001FE00000000007F80000000080
:1092F0001CFE00000000F03F80000083C007F080EB
:10930000008F0001FC8000FC00007F8000F0000066
:109310001F8000C0000007800080000001800080E6
:10932000000000800000000000800000000000003D
:10933000000000000000008000000000008000002D
:10934000000000C00000000000F80000000000FF66
:109350000000000000FFE00000000087F80000802F
:109360000080FF00008000003FE00080000007FF59
:10937000FF80000000FFFF800000007FFF800000F2
:1093800001C0008000001E0000800080F00000800E
:1093900000878000000000FC0000000000F00000DA
:1093A000000000C0000000000080000000000080FD
:1093B00000000000000000000000000000000000AD
:1093C000000000000000000000000000000000009D
:1093D0000080000600000380003C00000F8000F8C1
:1093E00000003F8000E00000FE8000E00003F88005
:1093F00000C0000FE0800080003F8080008000FE01
:109400000080008003F8008000800FE00080008072
:109410003F8000800080FE0000800083F800008014
:10942000008FE000018000BF8000018000FE00008E
:10943000038000F80000078000E000001E000080AC
:1094400000003000000000000000000000000000EC
:10945000000000000000000000000000000000000C
:1094600000000000000000000000000000000000FC
:1094700000000000000000000000000000000000EC
:109480000000000000001FFFFFFFFFF81FFFFFFFAD
:10949000FFF818000000001818000000001818005D
:1094A0000000001818000000001818000000001844
:1094B0001800000000181800000000181800000034
:1094C0000018180000000018180000000018000024
:1094D000000000000000000000000000000000008C
:1094E000000000000000000000000000000000007C
:1094F000000000000000000003800000000003E006
:109500000000000000FC00000000001F0000000040
:109510000007C00000000000F800000000003E004E
:10952000000000000FC00000000001F0000000007B
:10953000007C00000000000F800000000003E0003D
:10954000000000007C00000000001F000000000080
:1095500007C00000000000F800000000003C000010
:1095600000000004000000000000000000000000F7
:1095700000000000000000000000000000000000EB
:109580000000180000000018180000000018180063
:109590000000001818000000001818000000001853
:1095A0001800000000181800000000181800000043
:1095B00000181800000000181800000000181FFF15
:1095C000FFFFFFF8000000000000000000000000A6
:1095D000000000000000000000000000000000008B
:1095E000000000000000000000000000000000007B
:1095F000000000000000000000000000000000006B
:10960000000000000000000000000000000000005A
:10961000000000000000000000000000000000004A
:109620000000000001000000000002000000000037
:109630000600000000000C00000000001C000000FC
:1096400000001800000000001000000000001800DA
:10965000000000001800000000000C0000000000E6
:1096600006000000000002000000000001000000F1
:1096700000000000000000000000000000000000EA
:1096800000000000000000000000000000000000DA
:1096900000000000000100000000000100000000C8
:1096A00000010000000000010000000000010000B7
:1096B00000000001000000000001000000000001A7
:1096C0000000000000010000000000010000000098
:1096D0000001000000000001000000000001000087
:1096E0000000000100000000000100000000000177
:1096F0000000000000010000000000010000000068
:109700000001000000000001000000000001000056
:109710000000000100000000000100000000000146
:109720000000000000000000000000000000000039
:1097300000000000000000002000000000002000E9
:1097400000000000300000000000300000000000B9
:109750003800000000003800000000001C0000007D
:1097600000000C00000000000400000000000200E7
:1097700000000000000000000000000000000000E9
:1097800000000000000000000000000000000000D9
:1097900000000000000000000000000000000000C9
:1097A00000000000000000000000000000000000B9
:1097B00000000000000000000000000000000000A9
:1097C0007C00000003C1FE00000007C3FF00000092
:1097D00007C3830000000806018000000804008021
:1097E0000000100C0080000010080080000010082D
:1097F00000800000100800800000101001800000B0
:109800001010010000001810030000000C100200EE
:1098100000000FFFFF00000007FFFF80000003FFB4
:10982000FF800000000000800000000000800000B9
:1098300000000100000000000E0000000000000019
:109840000000000000000040000000000040000098
:109850000000004000000000007FFFFFFF8000FFCD
:10986000FFFFFF0001FFFFFFFE0000000380060076
:1098700000000600010000000C00010000000800CC
:109880000080000010000080000010000080000038
:10989000100000800000100000800000180001008F
:1098A00000000C00030000000F001E00000007FF76
:1098B000FC00000003FFF8000000007FC000000073
:1098C0000000000000000000000000000000000098
:1098D0000000000000000000000000000000000088
:1098E00000000000003FC000000000FFF800000082
:1098F00001FFFC00000007C01E0000000700070079
:1099000000000C00030000000800018000001800A7
:1099100000800000100000800000100000800000A7
:109920001000008000001000008000001000008087
:1099300000000800010000000FC00300000007C085
:109940000600000003C00C00000000003000000012
:109950000000000000000000000000000000000007
:1099600000000000000000000000000000000000F7
:1099700000000000003FC000000001FFF8000000F0
:1099800003FFFC00000007C01E0000000E000300E3
:109990000000080001800000180000800000100096
:1099A0000080000010000080000010000080000017
:1099B0001000008000400800010000400800020084
:1099C000004004000C00007FFFFFFF8000FFFFFF4E
:1099D000FF8001FFFFFFFF0000000000010000000A
:1099E0000000010000000000010000000000000075
:1099F0000000000000000000000000000000000067
:109A000000000000003FC000000000FFF800000060
:109A100003FFFC00000007841E0000000E04070086
:109A200000000C0403000000180401800000100472
:109A3000008000001004008000001004008000007E
:109A400010040080000010040080000008040100E1
:109A500000000C040100000007040200000003FCE9
:109A60000C00000001FC10000000007C0000000061
:109A700000000000000000000000000000000000E6
:109A800000000000000000000000000000001000C6
:109A900000000000100000800000100000800000A6
:109AA0001000008000001000008000001000008006
:109AB0000007FFFFFF80000FFFFFFF80001FFFFF79
:109AC000FF8000381000008000201000008000603F
:109AD0001000008000401000008000401000008056
:109AE0000040100000800040100000000040100006
:109AF0000000004000000000003C00000000003CAE
:109B000000000000001C0000000000000000000039
:109B10000000000000000000000000000000000045
:109B200000000000000000F0000001F0F3F8000069
:109B300003F9FBFC000007FDFE0C00000E0F1C04E7
:109B4000000018021C06000010011C020000100199
:109B50001C02000010011C02000010010C02000099
:109B600010010C02000018030C0200000E060E0685
:109B700000000FFE0E0400000FFC0F0C000009F0A7
:109B800007F80000180007F800001C0001E00000C2
:109B90001C000000000000000000000000000000A9
:109BA00000000000000000400000008000400000B5
:109BB0000080004000000080007FFFFFFF8000FF6A
:109BC000FFFFFF8001FFFFFFFF8000000300008018
:109BD00000000600008000000C000080000008006B
:109BE0000000000010000000000010000000000055
:109BF000100000000000100000800000180000802D
:109C000000001C00008000000FFFFF80000007FF25
:109C1000FF80000003FFFF800000000000800000C4
:109C20000000008000000000008000000000000034
:109C30000000000000000000000000000000000024
:109C40000000000000000000000000000000000014
:109C50001000008000001000008000001000008054
:109C60000000100000800000100000800070100054
:109C7000008000F81FFFFF8000F83FFFFF8000F822
:109C80003FFFFF80007000000080000000000080A7
:109C900000000000008000000000008000000000C4
:109CA00000800000000000800000000000000000B4
:109CB00000000000000000000000000000000000A4
:109CC0000000000000000000000000000000000094
:109CD000000000000000000000000000003800004C
:109CE0000000003C00000000003E000000000006F4
:109CF0000000000000020000000000020000000060
:109D0000000200001000000200001000000200002D
:109D10001000000400001000000C0070100000187B
:109D200000F81FFFFFF800F83FFFFFF000F83FFFCB
:109D3000FFC00070000000000000000000000000F4
:109D40000000000000000000000000000000000013
:109D50000000000000000040000000800040000003
:109D60000080004000000080007FFFFFFF8000FFB8
:109D7000FFFFFF8001FFFFFFFF8000000003008066
:109D80000000000600800000000C00800000003889
:109D900000000000007E0000000000DF0000000066
:109DA0001187C00000001701F08000001E00F8803D
:109DB000000018003F80000010000F80000010001D
:109DC00007800000100001800000000000800000FB
:109DD0000000008000000000000000000000000003
:109DE0000000000000000000000000000000000073
:109DF0000000000000000000000000000000004023
:109E00000000008000400000008000400000008052
:109E10000040000000800040000000800040000082
:109E2000008000FFFFFFFF8000FFFFFFFF8001FFBA
:109E3000FFFFFF80000000000080000000000080A5
:109E40000000000000800000000000800000000012
:109E50000080000000000080000000000000000002
:109E600000000000000000000000000000000000F2
:109E70000000000000000000100000800000100042
:109E8000008000001FFFFF8000001FFFFF80000018
:109E90003FFFFF80000004000080000008000080F9
:109EA00000001000000000001000008000001800FA
:109EB000008000001FFFFF8000001FFFFF800000E8
:109EC0000FFFFF80000004000080000008000080F9
:109ED00000001000000000001000008000001800CA
:109EE000008000001FFFFF8000000FFFFF800000C8
:109EF00007FFFF80000000000080000000000080DD
:109F000000000000000000001000008000001000B1
:109F1000008000001000008000001FFFFF80000094
:109F20001FFFFF8000003FFFFF8000000300008054
:109F300000000600008000000C0000800000080007
:109F400000000000100000000000100000000000F1
:109F500010000000000010000080000018000080C9
:109F600000001C00008000000FFFFF80000007FFC2
:109F7000FF80000001FFFF80000000000080000063
:109F800000000080000000000080000000000000D1
:109F90000000000000000000000000000000001FA2
:109FA000C000000000FFF000000001FFF80000000A
:109FB00003C03E0000000700060000000C00030084
:109FC00000000800010000001800018000001000DF
:109FD00000800000100000800000100000800000E1
:109FE0001000008000001800008000000800010040
:109FF00000000C000300000006000600000003C083
:10A000003C00000001FFF800000000FFF00000002D
:10A01000001FC00000000000000000000000000061
:10A02000000000000000000008000002000008001E
:10A03000000200000800000200000FFFFFFE000009
:10A040000FFFFFFE00001FFFFFFE000003000602DF
:10A0500000000400030200000800010200000800E4
:10A060000080000010000080000010000080000050
:10A07000100000800000100000800000100001802F
:10A0800000000800030000000C000700000007802B
:10A090003E00000003FFFC00000001FFF80000008C
:10A0A000007FC00000000000000000000000000071
:10A0B0000000000000000000000000000000003F61
:10A0C000C000000000FFF800000003FFFC000000DB
:10A0D00007C01E0000000600030000000C00010085
:10A0E0000000180001800000100000800000100037
:10A0F00000800000100000800000100000800000C0
:10A100001000008000000800010200000C000302A3
:10A11000000006000602000007FFFFFE00000FFF20
:10A12000FFFE00001FFFFFFE000000000002000015
:10A13000000000020000000000020000000000001B
:10A1400000000000000000000000000000001000FF
:10A15000008000001000008000001000008000005F
:10A160001000008000001000008000001FFFFF8032
:10A1700000003FFFFF8000003FFFFF80000000E085
:10A1800000800000018000800000030000800000CB
:10A190000400008000000C00008000000800008027
:10A1A000000010000000000010000000000010007F
:10A1B000000000001F00000000000F000000000071
:10A1C0000F00000000000000000000000000000080
:10A1D000000000000000000000000000000000007F
:10A1E0000000000000000000000000003F00000030
:10A1F00003E00F00000007F0030000000FF801006B
:10A2000000000C3C01000000181C00800000101E23
:10A2100000800000100E00800000100E0080000082
:10A2200010070080000010070080000008078180F0
:10A2300000000C03C30000000F01FF0000000781B5
:10A24000FE00000000007800000000000000000098
:10A2500000000000000000000000000000000000FE
:10A2600000000000000000000000000000000000EE
:10A2700000000000100000000000100000000000BE
:10A28000100000000000100000000000300000007E
:10A2900000003000000000007FFFFC000007FFFF0F
:10A2A000FE00000FFFFFFF00000010000380000011
:10A2B00010000080000010000080000010000080EE
:10A2C00000001000008000001000010000001000DD
:10A2D0000600000000001800000000000000000060
:10A2E000000000000000000000000000000000006E
:10A2F000000000000000000010000000000010003E
:10A30000000000001000000000001FFFF800000027
:10A310001FFFFE0000003FFFFF0000000000038061
:10A32000000000000180000000000080000000002C
:10A33000008000000000008000000000008000009D
:10A34000000000800000100001000000100002006A
:10A35000000010000C0000001FFFFF8000001FFF26
:10A36000FF8000003FFFFF00000000000100000030
:10A3700000000100000000000100000000000000DB
:10A3800000000000000000000000000000001000BD
:10A390000000000010000000000018000000000095
:10A3A0001E00000000001FC0000000001FF8000099
:10A3B000000010FF80000000101FF00000000003EC
:10A3C000FE00000000003F80000000000F80000041
:10A3D00000003C0000000001E0000000100F000041
:10A3E00000001078000000001FC0000000001E00E8
:10A3F0000000000018000000000010000000000035
:10A40000100000000000000000000000000000003C
:10A4100000001000000000001000000000001C0000
:10A42000000000001FE0000000001FFE0000000010
:10A4300010FFE0000000100FFE0000000000FF8091
:10A44000000000007F0000001003E0000000183E44
:10A45000000000001FE0000000001FF800000000E6
:10A4600019FFC0000000101FFC0000000000FF806A
:10A47000000000000F8000000000F8000000101F26
:10A480008000000011F8000000001F8000000000A4
:10A490001800000000001000000000001000000084
:10A4A00000000000000000000000000000000000AC
:10A4B00000800000100000800000100000800000FC
:10A4C0001800018000001C00078000001F000F80A2
:10A4D00000001F803880000013E0E000000010F949
:10A4E000C0000000007F00000000001F000000000E
:10A4F000003FC000000010E1F08000001180F880F3
:10A5000000001F003F8000001C000F8000001800AA
:10A510000380000010000180000010000080000097
:10A5200000000080000000000000000000000000AB
:10A53000000000000000000000000000000010000B
:10A54000000000001000000C00001800001E0000B9
:10A550001E00001E00001FC0000E00001FF80006B5
:10A56000000010FE00040000101FC01C00000003CB
:10A57000F870000000007FC0000000001E00000016
:10A580000000F0000000100780000000103C0000F8
:10A59000000019E0000000001F00000000001C0087
:10A5A000000000001000000000001000000000008B
:10A5B000100000000000000000000000000000008B
:10A5C000000000000000000000000000000000008B
:10A5D000000000000780018000001F0003800000D1
:10A5E0001C000F80000018001F80000010007C80FD
:10A5F00000001000F88000001003E0800000100749
:10A60000C0800000100F00800000103E008000009D
:10A6100010780080000011F00080000013E000803E
:10A6200000001F80018000001F00018000001C004E
:10A630000780000018001F800000000038000000A4
:10A64000000000000000000000000000000000000A
:10A6500000000000000000000000000000000000FA
:10A6600000000000000000000000000000000000EA
:10A6700000000000000000000000000000000000DA
:10A6800000000000000000000000000000000100C9
:10A690000000000001000000000002800000000037
:10A6A00006C0000003FFFC7FFF8007FFF83FFFE0CC
:10A6B0000C000000007008000000001010000000F6
:10A6C0000008100000000008100000000008000052
:10A6D000000000000000000000000000000000007A
:10A6E000000000000000000000000000000000006A
:10A6F000000000000000000000000000000000005A
:10A700000000000000000000000000000000000049
:10A710000000000000000000000000000000000039
:10A720000000FFFFFFFFFFFFFFFFFFFFFFFF000035
:10A730000000000000000000000000000000000019
:10A740000000000000000000000000000000000009
:10A7500000000000000000000000000000000000F9
:10A7600000000000000000000000000000000000E9
:10A7700000000000000000000000000000000000D9
:10A780000000100000000008100000000008100089
:10A79000000000080800000000100C00000000305D
:10A7A00007FFF83FFFE003FFFC7FFF80000006C0CB
:10A7B0000000000002800000000001000000000016
:10A7C0000100000000000000000000000000000088
:10A7D0000000000000000000000000000000000079
:10A7E0000000000000000000000000000000000069
:10A7F0000000000000000000000000000000000059
:10A800000000000000000000000000000600000042
:10A810000000180000000000600000000000400080
:10A8200000000000C00000000000C00000000000A8
:10A83000C00000000000E000000000007000000008
:10A8400000003800000000001C00000000000E00A6
:10A85000000000000700000000000380000000006E
:10A860000380000000000180000000000180000063
:10A8700000000100000000000300000000000C00C8
:10A880000000000030000000000000000000000098
:10A8900000000000000000000000000000000000B8
:10A8A00000000000000000000000000000000000A8
:10A8B000000000000000000000000000003FF00069
:10A8C00000FFFC0001FFFE0003F87F0007F03F805F
:10A8D00007F01F800FE01FC00FE00FC01FC00FE088
:10A8E0001FC00FE01F8007E03F8007F03F8007F0A8
:10A8F0003F8007F03F8007F03F8007F03F8007F080
:10A900003F0003F03F0003F03F0003F03F0003F07F
:10A910003F0003F03F0003F03F8007F03F8007F067
:10A920003F8007F03F8007F03F8007F03F8007F04F
:10A930001F8007E01FC00FE01FC00FE00FC00FC057
:10A940000FE01FC007F01F8007F03F8003F87F0073
:10A9500001FFFE0000FFFC00003FF00000000000CF
:10A9600000000000000000000000000000000000E7
:10A9700000000000000000000000000000000000D7
:10A9800000000000000000000000000000000000C7
:10A9900000000000000000000000000000000000B7
:10A9A0000000000000000000000000000001C000E6
:10A9B0000003C0000007C000001FC00003FFC0006C
:10A9C00003FFC000001FC000000FC000000FC00048
:10A9D000000FC000000FC000000FC000000FC0003B
:10A9E000000FC000000FC000000FC000000FC0002B
:10A9F000000FC000000FC000000FC000000FC0001B
:10AA0000000FC000000FC000000FC000000FC0000A
:10AA1000000FC000000FC000000FC000000FC000FA
:10AA2000000FC000000FC000000FC000000FC000EA
:10AA3000000FC000000FC000000FC000000FE000BA
:10AA4000003FF00003FFFF8003FFFF8000000000D5
:10AA500000000000000000000000000000000000F6
:10AA600000000000000000000000000000000000E6
:10AA700000000000000000000000000000000000D6
:10AA800000000000000000000000000000000000C6
:10AA9000000000000000000000000000003FF00087
:10AAA00000FFFC0003F0FE0007C03F000F803F8066
:10AAB0000F801F801F001FC01F800FC01F800FC08E
:10AAC0001FC00FC01FC00FC01FC00FC01FC00FC0CE
:10AAD0000F801FC000001F8000003F8000003F006B
:10AAE00000007F0000007E000000FC000001F80074
:10AAF0000003F0000003E0000007C000000F80002A
:10AB0000001F8000003F0000007E000000FC0000ED
:10AB100001F8000003F001C007E003C007C003C054
:10AB20000F8003C01F8007801F000F803FFFFF8042
:10AB30003FFFFF803FFFFF803FFFFF8000000000DE
:10AB40000000000000000000000000000000000005
:10AB500000000000000000000000000000000000F5
:10AB600000000000000000000000000000000000E5
:10AB700000000000000000000000000000000000D5
:10AB8000000000000000000000000000007FC00086
:10AB900001FFF00007E3F8000FC0FC000F80FE008B
:10ABA0001F807E001F807F001FC03F001FC03F002E
:10ABB0001FC03F001FC03F000F803F0000003F004C
:10ABC00000007E0000007E000000FE000001FC008E
:10ABD0000007F800003FE000003FF0000003FC0029
:10ABE00000007E0000003F0000001F8000001F806A
:10ABF00000001F8000000FC000000FC01F000FC02A
:10AC00001F800FC03F800FC03F800FC03F801FC01C
:10AC10003F801F803F001F801F003F000F807E008D
:10AC200007E1FC0003FFF80000FFC0000000000087
:10AC30000000000000000000000000000000000014
:10AC40000000000000000000000000000000000004
:10AC500000000000000000000000000000000000F4
:10AC600000000000000000000000000000000000E4
:10AC7000000000000000000000003C0000007C001C
:10AC80000000FC000000FC000001FC000001FC00D2
:10AC90000003FC000007FC000007FC00000FFC00A4
:10ACA000001F7C00001E7C00003E7C00003C7C00FD
:10ACB000007C7C0000F87C0000F07C0001F07C004F
:10ACC00003E07C0003C07C0007C07C0007807C00A0
:10ACD0000F007C001F007C001E007C003E007C00FA
:10ACE0007C007C007FFFFFF07FFFFFF000007C0016
:10ACF00000007C0000007C0000007C0000007C0064
:10AD000000007C0000007C000000FC000000FE0051
:10AD10000001FF00001FFFF0001FFFF00000000017
:10AD20000000000000000000000000000000000023
:10AD30000000000000000000000000000000000013
:10AD40000000000000000000000000000000000003
:10AD500000000000000000000000000000000000F3
:10AD600000000000000000000000000007FFFF805E
:10AD700007FFFF8007FFFF8007FFFF0007000000BD
:10AD800007000000070000000700000007000000A7
:10AD9000070000000F0000000F0000000E00000080
:10ADA0000E0000000E3FE0000EFFF8000FFFFE0057
:10ADB0000FF0FE000FE07F000FC03F800F801F806C
:10ADC0000F001F8000001FC000000FC000000FC058
:10ADD00000000FC000000FC01F000FC03F800FC059
:10ADE0003F800FC03F800FC03F801F803F801F808B
:10ADF0003F001F801F003F001F003F000F807E00AC
:10AE000007E1FC0001FFF800007FC0000000000027
:10AE10000000000000000000000000000000000032
:10AE20000000000000000000000000000000000022
:10AE30000000000000000000000000000000000012
:10AE40000000000000000000000000000000000002
:10AE5000000000000000000000000000000FF800EB
:10AE6000003FFE00007C7F0001F83F0001F03F80C2
:10AE700003E03F8007C03F8007C03F800F801F0076
:10AE80000F8000001F8000001F8000001F000000D6
:10AE90001F0000003F0FF0003F3FFE003FFFFF009C
:10AEA0003FFC7F803FF03F803FE01FC03FC00FC0AE
:10AEB0003F800FC03F800FE03F0007E03F0007E00A
:10AEC0003F0007E03F0007E03F0007E01F0007E00A
:10AED0001F8007E01F8007E01F8007C00FC00FC062
:10AEE0000FC00FC007E00F8007E01F8003F03F0096
:10AEF00001FC7E0000FFFC00001FE00000000000DD
:10AF00000000000000000000000000000000000041
:10AF10000000000000000000000000000000000031
:10AF20000000000000000000000000000000000021
:10AF30000000000000000000000000000000000011
:10AF400000000000000000000000000007FFFFE01C
:10AF50000FFFFFE00FFFFFE00FFFFFC00FC003C0B8
:10AF60000F8007801F0007801E000F001E001F00BB
:10AF70001E001E0000003E0000003C0000007C009F
:10AF8000000078000000F8000000F0000001F00070
:10AF90000001F0000003E0000003E0000003E00017
:10AFA0000007C0000007C000000FC000000F8000B5
:10AFB000000F8000001F8000001F8000001F800025
:10AFC000001F8000003F8000003F8000003F8000A5
:10AFD000003F8000003F8000003F8000003F800075
:10AFE000003F8000003F8000001F000000000000C4
:10AFF0000000000000000000000000000000000051
:10B000000000000000000000000000000000000040
:10B010000000000000000000000000000000000030
:10B020000000000000000000000000000000000020
:10B03000000000000000000000000000003FF800D9
:10B0400000FFFE0003F83F8007F01FC00FE00FE095
:10B050000FC007E01FC007F01F8003F01F8003F040
:10B060001F8003F01FC003F01FC003F01FE007F0B4
:10B070000FF007E00FF80FE007FE0FC003FFBF80DF
:10B0800001FFFF0000FFFC0000FFFC0003FFFF00CA
:10B0900007F3FF800FE0FFC00FC07FC01F803FE0BD
:10B0A0001F800FE03F800FF03F0007F03F0003F0EC
:10B0B0003F0003F03F0003F03F0003F03F0003F0C8
:10B0C0001F8007E01F8007E00FC00FC007E01F8050
:10B0D00003F87F0000FFFE00003FF00000000000CA
:10B0E0000000000000000000000000000000000060
:10B0F0000000000000000000000000000000000050
:10B10000000000000000000000000000000000003F
:10B11000000000000000000000000000000000002F
:10B12000000000000000000000000000003FE00000
:10B1300001FFFC0003F87E0007E01F000FC00F8036
:10B140000FC00F801F8007C01F8007C03F0007E0AF
:10B150003F0003E03F0003E03F0003F03F0003F047
:10B160003F0003F03F0003F03F0007F03F8007F08F
:10B170003F800FF01F800FF01FC01FF00FE03FF067
:10B180000FF8FFF007FFFBF003FFF3F0007FC7F0BD
:10B19000000007E0000007E0000007E0000007E013
:10B1A00000000FC000000FC007C00F800FE01F801D
:10B1B0000FE01F000FE03F000FE07E000FE0FC00FB
:10B1C00007F1F80003FFE00000FF8000000000002E
:10B1D000000000000000000000000000000000006F
:10B1E000000000000000000000000000000000005F
:10B1F000000000000000000000000000000000004F
:10B20000000000000000000000000000000000003E
:10B21000000000000000000000000000000000002E
:10B22000000000000000000000000000000000001E
:10B230000000000000000000000F8000001FC000A0
:10B24000001FC000001FC000001FC000001FC00082
:10B25000000F80000000000000000000000000005F
:10B2600000000000000000000000000000000000DE
:10B2700000000000000000000000000000000000CE
:10B28000000000000000000000000000000F80002F
:10B29000001FC000001FC000001FC000001FC00032
:10B2A000001FC000000F8000000000000000000030
:10B2B000000000000000000000000000000000008E
:10B2C000000000000000000000000000000000007E
:10B2D000000000000000000000000000000000006E
:10B2E000000000000000000000000000000000005E
:10B2F000000000000000000000000000000000004E
:10B30000000000000000000000000000000000003D
:10B31000000000000000000000000000000000002D
:10B32000000000000000000000000000000000001D
:10B33000000000000000000000000000000000000D
:10B3400000000000000000000000000000000000FD
:10B3500000000000000000000000000000000000ED
:10B3600000000000000000000000000000000000DD
:10B3700000000000000000000000000000000000CD
:10B3800000000000000000000000000000000000BD
:10B390000380000007C000000FE000000FE0000085
:10B3A0000FE0000007C00000038000000000000064
:10B3B000000000000000000000000000000000008D
:10B3C000000000000000000000000000000000007D
:10B3D000000000000000000000000000000000006D
:10B3E000000000000000000000000000000000005D
:10B3F00000000000000000003803F8307C0FFE3031
:10B40000EE1F0FB0C63E03F0EE3C01F07C7801F079
:10B4100038F800F001F000F001F0007003E0007077
:10B4200003E0003803E0003807C0003807C0001808
:10B4300007C0000007C000000FC000000FC00000E0
:10B440000FC000000FC000000FC000000FC00000C0
:10B450000FC000000FC000000FC0000007C00000B8
:10B4600007C0000007C0000007E0000007E0000080
:10B4700003E0001803E0001803F0003801F000308A
:10B4800001F8007000F800E0007C00E0007F03C0DD
:10B49000003FFF80001FFF000007FE000001F800D2
:10B4A000000000000000000000000000000000009C
:10B4B000000000000000000000000000000000008C
:10B4C000020000000000000000000000002000005A
:10B4D0000000000000000000000100000004000067
:10B4E000000000000000000100000000000000005B
:10B4F000000000000000000032000000000000001A
:10B50000000000000020000000000000000000001B
:10B510000001000000040000000000000000000323
:10B52000000000000000000000000000000000001B
:10B5300012000000000000000000000000200000D9
:10B54000000000000000000000010000000C0000EE
:10B5500000000000000000030000000000000000E8
:10B56000000000000000000000F80000E0070000FC
:10B570001F000000FFFF000000000000821000001C
:10B580000421000086310000084200008A520000B9
:10B590000C6300008E730000108400009294000081
:10B5A00014A5000096B5000018C600009AD6000049
:10B5B0007DEF0000FFFF000000000000821000008F
:10B5C0000421000086310000084200008A52000079
:10B5D0000C6300008E730000108400009294000041
:10B5E00014A5000096B5000018C600009AD6000009
:10B5F0007DEF0000FFFF00000300000009000000D5
:10B600000F000000150000001B0000002CB6000811
:10B6100000000024740000002E3E0008A0B60008C0
:10B6200074000024E48802003E3E0008010000008F
:10B6300010000000000000000090D0030090D00334
:10B6400000000000FFFFFF0000000000AD36000812
:10B650006D3700080000000000000000000000003E
:10B6600000000000000000000000000000000000DA
:10B6700000000000000000000000000000000000CA
:10B6800000000000000000000000000000000000BA
:10B6900000000000000000000000000000000000AA
:040000050800029954
:00000001FF
